rank,rsId,lane,exc0,abs0,base,peakPhase,scale,srcW,srcH,bakeW,bakeH,srcGridExcessPct,material,severe
1,0x06003E9C,doors,2.9626,4.28,1.445,0,4,64,64,256,256,388.64,1,1
2,0x0600678A,props,2.0193,3.103,1.537,0,4,256,256,1024,1024,183.46,1,1
3,0x0600378C,doors,1.9467,10.497,5.392,0,4,256,256,1024,1024,41.56,1,1
4,0x06003C83,dungeons,1.8902,3.614,1.912,0,4,256,256,1024,1024,110.94,1,1
5,0x06003944,scenery,1.7874,12.768,7.143,0,4,256,128,1024,512,40.53,1,1
6,0x060043E8,dungeons,1.7246,2.416,1.401,0,4,512,512,2048,2048,116.57,1,0
7,0x06005DAB,props,1.6306,5.598,3.433,0,4,256,128,1024,512,27.7,1,1
8,0x060066B8,creatures,1.4731,5.877,3.99,0,4,128,128,512,512,34.62,1,1
9,0x06005D46,dungeons,1.3247,1.343,1.013,0,4,512,512,2048,2048,158.25,0,0
10,0x0600378D,props,1.3246,4.392,3.316,0,4,256,256,1024,1024,83.0,1,1
11,0x06003CA2,dungeons,1.3222,6.227,4.71,0,4,512,512,2048,2048,71.62,1,1
12,0x06006546,scenery,1.3133,2.645,2.014,0,4,64,128,256,512,243.95,1,1
13,0x06006440,props,1.2806,8.409,6.566,0,4,32,32,128,128,50.34,1,1
14,0x060048E7,props,1.2645,5.009,3.961,0,4,32,32,128,128,46.86,1,1
15,0x060039D0,doors,1.2569,2.562,2.038,0,4,16,128,64,512,,1,1
16,0x06003F0E,dungeons,1.2215,2.825,2.313,0,4,128,128,512,512,75.34,1,1
17,0x06003EB6,props,1.1967,10.506,8.779,4,4,16,16,64,64,,1,1
18,0x060048E9,props,1.1819,4.92,4.163,0,4,32,32,128,128,43.1,1,1
19,0x06003A9C,props,1.181,15.19,12.862,0,4,64,16,256,64,,1,1
20,0x06005A76,creatures,1.1794,5.682,4.818,0,4,256,256,1024,1024,46.96,1,1
21,0x06006BAC,dungeons,1.1684,2.027,1.735,0,4,256,256,1024,1024,125.27,1,0
22,0x06006BA1,dungeons,1.1644,3.678,3.159,0,4,256,256,1024,1024,96.42,1,1
23,0x06006BA3,dungeons,1.1264,1.908,1.694,0,4,256,256,1024,1024,128.05,1,0
24,0x06006BA4,dungeons,1.1264,1.908,1.694,0,4,256,256,1024,1024,128.05,1,0
25,0x06005DCA,scenery,1.0991,3.644,3.315,0,4,256,256,1024,1024,74.5,1,1
26,0x06005E17,creatures,1.0977,4.424,4.03,0,4,256,256,1024,1024,82.9,1,1
27,0x06005DA1,creatures,1.0793,2.652,2.457,0,4,128,128,512,512,94.7,1,1
28,0x06005D47,creatures,1.0613,4.35,4.099,0,4,128,256,512,1024,46.88,1,1
29,0x06005DC0,scenery,1.0546,3.585,3.4,0,4,256,256,1024,1024,75.47,1,1
30,0x06003C9D,dungeons,1.0325,4.047,3.919,0,4,512,256,2048,1024,66.69,1,1
31,0x06003E79,scenery,0.9911,2.419,2.441,3,4,64,32,256,128,52.03,1,0
32,0x06005DCB,scenery,0.9681,6.069,6.269,0,4,256,256,1024,1024,36.0,1,1
33,0x06003D66,dungeons,0.9578,2.889,3.017,0,4,128,128,512,512,56.99,1,1
34,0x06003808,scenery,0.956,6.581,6.883,0,4,256,256,1024,1024,44.09,1,1
35,0x06003847,scenery,0.9549,9.332,9.772,12,4,64,128,256,512,-3.19,1,1
36,0x06006BAB,dungeons,0.9532,2.589,2.716,0,4,256,256,1024,1024,93.92,1,1
37,0x06003C9E,dungeons,0.9514,5.699,5.99,0,4,512,256,2048,1024,57.18,1,1
38,0x060043E9,dungeons,0.9453,1.617,1.711,0,4,512,512,2048,2048,75.81,1,0
39,0x06003E20,doors,0.9383,1.992,2.123,0,4,128,256,512,1024,103.54,1,0
40,0x06003D6A,dungeons,0.9082,3.085,3.397,0,4,128,256,512,1024,58.99,1,1
41,0x06005DE5,scenery,0.9025,3.724,4.126,0,4,128,256,512,1024,60.62,1,1
42,0x0600507D,doors,0.9002,3.97,4.41,15,4,64,128,256,512,111.98,1,1
43,0x06003995,dungeons,0.8969,2.164,2.413,0,4,128,128,512,512,63.52,1,0
44,0x06003E5D,scenery,0.8957,1.282,1.432,0,4,128,128,512,512,116.38,0,0
45,0x06005DC9,scenery,0.8943,3.155,3.528,0,4,256,256,1024,1024,73.56,1,1
46,0x0600394E,scenery,0.8935,4.924,5.51,0,4,64,64,256,256,88.33,1,1
47,0x060047A6,scenery,0.8839,9.594,10.855,0,4,256,256,1024,1024,91.52,1,1
48,0x06006D98,creatures,0.8834,5.884,6.661,0,4,256,256,1024,1024,48.2,1,1
49,0x06005D9D,props,0.8821,2.384,2.702,0,4,256,256,1024,1024,93.12,1,0
50,0x06003D47,doors,0.8688,5.246,6.038,0,4,128,128,512,512,66.27,1,1
51,0x06006A0D,props,0.8687,4.767,5.488,0,4,512,512,2048,2048,61.21,1,1
52,0x06006BDD,scenery,0.8679,1.406,1.62,8,4,256,256,1024,1024,18.59,0,0
53,0x06005A2D,props,0.862,2.348,2.724,0,4,256,256,1024,1024,76.86,1,0
54,0x06003C92,props,0.8605,1.193,1.387,0,4,512,512,2048,2048,74.73,0,0
55,0x06003813,props,0.8594,5.976,6.954,12,4,32,64,128,256,10.41,1,1
56,0x06005DD7,scenery,0.8573,5.579,6.507,0,2,512,512,1024,1024,59.79,1,1
57,0x06003F14,dungeons,0.8401,2.861,3.406,0,4,128,256,512,1024,75.58,1,1
58,0x06003E1F,dungeons,0.8393,2.54,3.026,0,4,256,256,1024,1024,90.72,1,1
59,0x0600429D,props,0.8386,12.471,14.87,0,4,64,64,256,256,10.73,1,1
60,0x06003880,scenery,0.8251,2.766,3.352,0,2,256,512,512,1024,61.29,1,1
61,0x06003C87,dungeons,0.8249,0.41,0.497,0,4,256,256,1024,1024,62.54,0,0
62,0x06004438,scenery,0.8232,1.752,2.129,14,4,32,32,128,128,0.9,1,0
63,0x060041FB,dungeons,0.8128,7.133,8.775,0,4,32,128,128,512,18.09,1,1
64,0x06003789,scenery,0.8124,4.345,5.348,0,2,512,512,1024,1024,52.87,1,1
65,0x06003933,dungeons,0.8103,2.248,2.774,0,4,128,256,512,1024,56.19,1,0
66,0x060043FC,dungeons,0.8084,1.887,2.335,0,4,512,512,2048,2048,89.0,1,0
67,0x06003B28,dungeons,0.8075,3.253,4.029,0,4,128,256,512,1024,38.18,1,1
68,0x060053A9,props,0.8036,4.348,5.411,0,4,128,64,512,256,20.93,1,1
69,0x0600399B,dungeons,0.8034,4.106,5.111,0,4,64,64,256,256,55.61,1,1
70,0x06003EF0,dungeons,0.7996,5.802,7.256,0,4,128,128,512,512,31.73,1,1
71,0x06004183,scenery,0.7914,6.764,8.547,0,4,16,64,64,256,,1,1
72,0x06004131,dungeons,0.7886,3.244,4.113,0,4,128,128,512,512,34.05,1,1
73,0x06006029,props,0.7883,0.456,0.578,0,4,128,128,512,512,138.82,0,0
74,0x0600534A,props,0.7838,4.592,5.859,0,4,128,64,512,256,18.95,1,1
75,0x060037A0,props,0.7829,6.048,7.726,0,4,256,256,1024,1024,40.13,1,1
76,0x06003D42,dungeons,0.7827,6.011,7.68,0,4,128,128,512,512,52.85,1,1
77,0x06003885,scenery,0.7788,4.487,5.762,0,2,512,512,1024,1024,67.47,1,1
78,0x06005DD6,scenery,0.7765,5.934,7.642,0,2,512,512,1024,1024,58.16,1,1
79,0x06003B1C,dungeons,0.7723,3.186,4.125,0,4,128,128,512,512,49.75,1,1
80,0x06005D9E,props,0.7699,1.515,1.968,0,4,256,256,1024,1024,150.48,1,0
81,0x0600489E,scenery,0.7685,5.498,7.155,0,4,32,128,128,512,29.92,1,1
82,0x06003E2B,dungeons,0.7677,1.13,1.472,0,4,256,256,1024,1024,97.49,0,0
83,0x06003E29,dungeons,0.7677,1.13,1.472,0,4,256,256,1024,1024,97.49,0,0
84,0x06005D41,dungeons,0.7677,1.13,1.472,0,4,256,256,1024,1024,97.49,0,0
85,0x06003D68,doors,0.7665,2.797,3.649,0,4,128,256,512,1024,47.26,1,1
86,0x0600378F,scenery,0.7662,13.207,17.238,0,2,512,512,1024,1024,21.19,1,1
87,0x06004547,creatures,0.7656,2.298,3.001,0,4,128,128,512,512,75.72,1,0
88,0x06005FE5,creatures,0.7649,1.841,2.407,0,4,256,256,1024,1024,74.89,1,0
89,0x06004100,dungeons,0.7645,2.567,3.358,0,4,256,256,1024,1024,55.35,1,1
90,0x06003F1A,dungeons,0.7635,3.856,5.05,0,4,128,128,512,512,51.53,1,1
91,0x06004823,scenery,0.7635,4.615,6.045,0,4,256,256,1024,1024,22.45,1,1
92,0x0600405C,dungeons,0.7628,0.149,0.195,0,4,512,256,2048,1024,168.87,0,0
93,0x06003D60,dungeons,0.7613,2.337,3.07,0,4,128,128,512,512,50.94,1,0
94,0x06005D61,props,0.756,1.688,2.233,0,4,256,256,1024,1024,71.19,1,0
95,0x06003D87,dungeons,0.7543,6.09,8.074,0,4,128,128,512,512,34.12,1,1
96,0x060042E9,scenery,0.7499,4.692,6.257,0,2,256,512,512,1024,61.21,1,1
97,0x06006A0E,props,0.7458,2.267,3.04,0,4,256,512,1024,2048,79.35,1,0
98,0x06006133,scenery,0.7447,3.45,4.632,0,2,512,512,1024,1024,96.19,1,1
99,0x0600621A,creatures,0.7444,1.477,1.984,0,4,256,512,1024,2048,76.89,0,0
100,0x06005DCD,creatures,0.743,4.412,5.938,0,4,256,256,1024,1024,38.75,1,1
101,0x06003F18,dungeons,0.7427,5.559,7.485,0,4,128,128,512,512,37.11,1,1
102,0x060037C0,scenery,0.7365,2.757,3.743,0,2,512,512,1024,1024,47.0,1,1
103,0x06005DA9,props,0.7359,0.73,0.992,0,4,256,256,1024,1024,96.35,0,0
104,0x06003B24,dungeons,0.7358,2.628,3.571,0,4,128,128,512,512,46.31,1,1
105,0x06005DB1,creatures,0.7326,5.132,7.005,0,4,128,128,512,512,39.76,1,1
106,0x06005E3A,props,0.7312,9.317,12.742,0,4,64,64,256,256,61.84,1,1
107,0x0600388A,scenery,0.727,7.24,9.959,0,2,512,512,1024,1024,23.93,1,1
108,0x0600612F,scenery,0.7223,6.443,8.92,0,2,512,512,1024,1024,70.97,1,1
109,0x06005A75,creatures,0.7184,5.588,7.779,0,4,256,256,1024,1024,42.6,1,1
110,0x06005D5F,props,0.712,2.153,3.024,0,4,256,256,1024,1024,57.18,1,0
111,0x06005F42,creatures,0.7113,1.839,2.586,0,4,512,512,2048,2048,59.86,1,0
112,0x06005FE4,creatures,0.7093,2.2,3.102,0,4,128,256,512,1024,88.1,1,0
113,0x06006BDF,props,0.7091,1.944,2.742,0,4,256,512,1024,2048,13.44,1,0
114,0x06003FC9,props,0.7078,7.811,11.036,0,4,256,512,1024,2048,31.25,1,1
115,0x06003B03,dungeons,0.7062,8.254,11.687,0,4,256,256,1024,1024,30.23,1,1
116,0x060037F9,scenery,0.7048,3.932,5.579,0,2,512,512,1024,1024,45.27,1,1
117,0x06006134,scenery,0.7009,6.239,8.902,0,2,512,512,1024,1024,69.35,1,1
118,0x06003D5E,dungeons,0.6989,2.692,3.852,0,4,128,128,512,512,43.48,1,1
119,0x06005DD5,scenery,0.6913,5.376,7.777,0,2,512,512,1024,1024,50.38,1,1
120,0x060052A7,props,0.6909,7.695,11.136,0,4,32,64,128,256,44.94,1,1
121,0x06003E15,dungeons,0.6906,3.492,5.057,0,4,128,128,512,512,67.71,1,1
122,0x06005D73,props,0.6893,3.288,4.77,0,4,256,256,1024,1024,44.81,1,1
123,0x0600379B,scenery,0.6892,4.514,6.55,0,2,512,512,1024,1024,43.76,1,1
124,0x06005A2C,props,0.6889,1.099,1.595,0,4,512,512,2048,2048,94.47,0,0
125,0x06004867,scenery,0.6873,4.295,6.25,0,4,128,128,512,512,40.89,1,1
126,0x06003D46,doors,0.6867,5.271,7.675,0,4,128,256,512,1024,51.4,1,1
127,0x060042F9,scenery,0.6862,3.159,4.603,0,4,64,32,256,128,38.47,1,1
128,0x060045AE,props,0.6848,1.472,2.15,1,4,64,64,256,256,15.37,0,0
129,0x060064EF,creatures,0.6838,8.39,12.269,0,4,128,128,512,512,6.57,1,1
130,0x06005DBE,creatures,0.6825,4.76,6.975,0,4,256,256,1024,1024,33.54,1,1
131,0x06003883,scenery,0.6824,0.711,1.042,0,2,512,512,1024,1024,86.85,0,0
132,0x060038C8,doors,0.6762,7.095,10.492,8,4,32,32,128,128,50.16,1,1
133,0x06006689,creatures,0.6746,1.8,2.669,0,4,256,256,1024,1024,49.97,1,0
134,0x06005706,props,0.6732,5.433,8.071,0,4,256,256,1024,1024,39.2,1,1
135,0x0600400C,dungeons,0.6729,4.581,6.807,0,4,128,128,512,512,37.63,1,1
136,0x060039A3,dungeons,0.6703,2.473,3.69,0,4,128,128,512,512,46.32,1,0
137,0x06005E03,props,0.6677,1.568,2.348,0,4,256,256,1024,1024,83.93,1,0
138,0x06003811,props,0.6662,3.476,5.217,8,4,64,128,256,512,5.45,1,1
139,0x06003AF3,dungeons,0.6661,3.599,5.403,0,4,128,128,512,512,47.55,1,1
140,0x06003B05,dungeons,0.6651,8.887,13.361,0,4,256,256,1024,1024,31.33,1,1
141,0x06003E80,dungeons,0.665,7.849,11.804,0,4,256,256,1024,1024,28.8,1,1
142,0x06003F1E,dungeons,0.6636,4.051,6.104,0,4,128,128,512,512,45.69,1,1
143,0x06003EA8,dungeons,0.6635,3.312,4.991,0,4,128,128,512,512,55.79,1,1
144,0x06003E65,dungeons,0.6614,3.347,5.061,0,4,128,128,512,512,44.48,1,1
145,0x06005D17,doors,0.6604,2.527,3.826,0,4,256,256,1024,1024,41.64,1,1
146,0x06003E8A,dungeons,0.6592,3.073,4.662,0,4,128,256,512,1024,47.53,1,1
147,0x06004060,dungeons,0.6559,0.778,1.186,0,4,512,512,2048,2048,124.6,0,0
148,0x0600405D,dungeons,0.6557,1.235,1.883,0,4,512,256,2048,1024,108.95,0,0
149,0x06005DCC,scenery,0.6548,4.01,6.124,0,4,256,256,1024,1024,37.58,1,1
150,0x06005D75,props,0.6545,1.92,2.933,0,4,128,256,512,1024,74.07,1,0
151,0x06003AF7,dungeons,0.6543,2.586,3.953,0,4,128,128,512,512,46.37,1,1
152,0x0600395D,dungeons,0.6536,1.777,2.719,0,4,256,256,1024,1024,65.06,1,0
153,0x06005D9F,props,0.6532,2.072,3.173,0,4,256,256,1024,1024,92.95,1,0
154,0x060038FA,dungeons,0.6521,1.117,1.713,0,4,128,128,512,512,99.71,0,0
155,0x0600391D,dungeons,0.6518,2.337,3.585,0,4,128,256,512,1024,47.43,1,0
156,0x0600395B,dungeons,0.6507,1.835,2.82,0,4,256,512,1024,2048,67.64,1,0
157,0x06005455,props,0.6505,3.544,5.447,0,4,128,64,512,256,22.97,1,1
158,0x06003E2A,dungeons,0.6502,2.091,3.215,0,4,128,256,512,1024,57.21,1,0
159,0x060037AB,scenery,0.6478,7.777,12.006,0,2,512,512,1024,1024,26.48,1,1
160,0x06003B22,dungeons,0.6466,2.936,4.542,0,4,128,128,512,512,36.99,1,1
161,0x06003CAD,doors,0.6457,3.542,5.485,0,4,512,512,2048,2048,50.42,1,1
162,0x06004635,doors,0.6447,1.984,3.078,0,4,64,128,256,512,71.55,1,0
163,0x06003E82,props,0.6444,6.732,10.447,0,4,256,256,1024,1024,34.54,1,1
164,0x06003957,dungeons,0.6427,2.786,4.335,0,4,256,256,1024,1024,42.86,1,1
165,0x06003E2C,dungeons,0.6414,2.061,3.213,0,4,128,256,512,1024,55.12,1,0
166,0x06003EE9,dungeons,0.6413,3.515,5.481,0,4,128,256,512,1024,50.68,1,1
167,0x06005D71,props,0.6412,3.954,6.166,0,4,256,256,1024,1024,40.57,1,1
168,0x06003F7B,scenery,0.638,4.53,7.099,0,4,32,16,128,64,,1,1
169,0x060038B0,scenery,0.6365,3.125,4.909,0,4,256,256,1024,1024,46.31,1,1
170,0x060037ED,scenery,0.635,5.649,8.896,0,2,512,512,1024,1024,33.86,1,1
171,0x06003BD9,dungeons,0.6338,4.332,6.834,1,4,128,128,512,512,70.43,1,1
172,0x06003D74,dungeons,0.6332,2.199,3.473,0,4,128,128,512,512,55.01,1,0
173,0x06005D72,props,0.6322,4.821,7.626,0,4,256,256,1024,1024,39.19,1,1
174,0x06005D5C,props,0.6274,1.478,2.356,0,4,256,256,1024,1024,61.33,0,0
175,0x06005D5E,props,0.627,1.433,2.286,0,4,256,256,1024,1024,59.71,0,0
176,0x06003EA2,dungeons,0.6266,3.773,6.02,0,4,128,128,512,512,50.26,1,1
177,0x06004548,creatures,0.6218,4.875,7.839,0,4,256,256,1024,1024,44.91,1,1
178,0x0600433F,creatures,0.6201,1.912,3.083,0,4,512,512,2048,2048,47.5,1,0
179,0x060040DE,scenery,0.6197,6.842,11.041,0,2,512,256,1024,512,40.04,1,1
180,0x06005D40,dungeons,0.6189,1.924,3.109,0,4,128,256,512,1024,56.45,1,0
181,0x06003F1C,dungeons,0.617,4.084,6.62,0,4,128,256,512,1024,42.05,1,1
182,0x06003B30,dungeons,0.6162,1.7,2.759,0,4,128,128,512,512,58.19,1,0
183,0x06003AF5,props,0.6153,2.327,3.781,0,4,128,128,512,512,51.74,1,0
184,0x06003EC9,dungeons,0.6146,2.408,3.919,0,4,128,128,512,512,62.38,1,0
185,0x06004435,dungeons,0.6141,0.86,1.401,0,4,64,64,256,256,87.84,0,0
186,0x060043ED,scenery,0.6138,7.208,11.743,0,2,512,512,1024,1024,34.89,1,1
187,0x06005DAA,props,0.6121,1.52,2.483,0,4,64,64,256,256,151.18,1,0
188,0x0600378A,scenery,0.6084,4.507,7.408,0,2,512,512,1024,1024,36.27,1,1
189,0x0600398B,dungeons,0.6066,2.855,4.706,0,4,128,128,512,512,50.47,1,1
190,0x06003EBC,dungeons,0.6062,2.214,3.653,14,4,64,32,256,128,50.2,1,0
191,0x060040C2,dungeons,0.6058,3.996,6.597,0,4,128,256,512,1024,35.42,1,1
192,0x06003E22,dungeons,0.6047,1.729,2.859,0,4,256,256,1024,1024,85.31,1,0
193,0x06003E4C,dungeons,0.6032,4.759,7.89,0,4,64,64,256,256,45.44,1,1
194,0x06005A29,props,0.602,3.836,6.372,0,4,512,64,2048,256,51.3,1,1
195,0x06006BE0,scenery,0.6017,12.154,20.2,0,2,512,512,1024,1024,11.28,1,1
196,0x06003AFB,dungeons,0.6015,2.66,4.423,0,4,128,128,512,512,57.61,1,1
197,0x06003ED7,dungeons,0.6006,4.779,7.958,0,4,128,256,512,1024,50.22,1,1
198,0x06003B0D,dungeons,0.5995,2.607,4.349,0,4,128,128,512,512,64.17,1,1
199,0x06003EDC,dungeons,0.5994,2.837,4.733,0,4,128,128,512,512,35.78,1,1
200,0x06005D62,props,0.5982,1.34,2.239,0,4,256,256,1024,1024,60.32,0,0
201,0x06003EDE,dungeons,0.5981,5.138,8.592,0,4,128,256,512,1024,44.71,1,1
202,0x060041FF,dungeons,0.598,6.644,11.109,0,4,128,128,512,512,50.45,1,1
203,0x06004108,dungeons,0.5966,8.34,13.98,0,4,128,256,512,1024,29.71,1,1
204,0x06003F28,dungeons,0.5963,2.312,3.877,0,4,128,128,512,512,46.1,1,0
205,0x06003E88,props,0.5945,4.653,7.827,0,4,128,128,512,512,35.1,1,1
206,0x06003ECD,dungeons,0.5939,3.526,5.938,0,4,128,128,512,512,47.74,1,1
207,0x06004171,dungeons,0.5939,3.526,5.938,0,4,128,128,512,512,47.74,1,1
208,0x06005DDE,scenery,0.5936,4.092,6.893,0,2,512,512,1024,1024,34.11,1,1
209,0x06003D41,props,0.5926,0.424,0.715,0,4,512,512,2048,2048,141.11,0,0
210,0x0600478C,props,0.5923,2.841,4.796,0,4,128,64,512,256,9.17,1,1
211,0x06003D0F,dungeons,0.592,1.873,3.164,0,4,128,128,512,512,63.63,1,0
212,0x0600378B,doors,0.5918,3.669,6.199,0,4,256,256,1024,1024,48.72,1,1
213,0x06003961,dungeons,0.5914,1.075,1.818,0,4,256,512,1024,2048,69.35,0,0
214,0x0600399D,dungeons,0.5914,2.965,5.014,0,4,128,128,512,512,51.9,1,1
215,0x06003E86,dungeons,0.5904,3.914,6.63,0,4,128,64,512,256,46.31,1,1
216,0x06006838,creatures,0.5896,3.501,5.938,0,4,256,256,1024,1024,49.09,1,1
217,0x060037EC,scenery,0.5887,7.675,13.037,0,2,512,512,1024,1024,24.18,1,1
218,0x06003EEE,dungeons,0.5885,4.281,7.275,0,4,128,128,512,512,38.48,1,1
219,0x06003AC6,scenery,0.5876,2.207,3.756,0,4,128,128,512,512,73.87,1,0
220,0x060039A1,dungeons,0.5872,3.837,6.534,0,4,128,256,512,1024,41.19,1,1
221,0x06003D62,dungeons,0.5871,2.776,4.729,0,4,128,128,512,512,32.24,1,1
222,0x0600728C,dungeons,0.587,3.643,6.207,0,4,512,512,2048,2048,30.86,1,1
223,0x06005D6D,props,0.587,5.309,9.044,0,4,256,256,1024,1024,38.94,1,1
224,0x06005509,props,0.5869,5.474,9.327,9,4,64,64,256,256,60.7,1,1
225,0x06005D78,scenery,0.5865,2.194,3.74,0,4,256,256,1024,1024,39.89,1,0
226,0x06004546,creatures,0.5858,2.76,4.711,0,4,256,256,1024,1024,49.32,1,1
227,0x060048B6,dungeons,0.5852,2.699,4.612,0,4,256,256,1024,1024,56.74,1,1
228,0x06003EF4,dungeons,0.5851,2.625,4.487,0,4,128,256,512,1024,62.83,1,1
229,0x06003C6A,creatures,0.5816,13.074,22.48,12,4,64,64,256,256,-1.83,1,1
230,0x0600610B,creatures,0.5804,2.236,3.852,0,4,256,256,1024,1024,56.01,1,0
231,0x060038F8,dungeons,0.5796,1.316,2.271,0,4,128,128,512,512,79.68,0,0
232,0x06004050,creatures,0.5778,0.467,0.808,0,4,256,256,1024,1024,80.13,0,0
233,0x0600612E,scenery,0.577,5.356,9.282,0,2,512,512,1024,1024,56.91,1,1
234,0x06004707,dungeons,0.5736,4.372,7.622,0,4,64,64,256,256,21.71,1,1
235,0x06004023,creatures,0.5708,0.901,1.579,0,4,128,128,512,512,8.81,0,0
236,0x06003FDD,dungeons,0.5707,1.894,3.319,0,4,128,128,512,512,60.7,1,0
237,0x06003A81,scenery,0.5691,1.282,2.253,10,4,64,64,256,256,73.97,0,0
238,0x06005DDC,scenery,0.5663,4.418,7.803,0,2,512,512,1024,1024,25.52,1,1
239,0x06005E5C,props,0.5655,3.634,6.427,0,4,128,128,512,512,60.46,1,1
240,0x06003B0F,dungeons,0.5643,5.984,10.604,0,4,128,256,512,1024,31.8,1,1
241,0x06005D60,props,0.5641,1.595,2.827,0,4,256,256,1024,1024,56.59,1,0
242,0x06003EDF,dungeons,0.5639,3.77,6.687,0,4,128,256,512,1024,42.44,1,1
243,0x06004137,props,0.5633,6.558,11.643,0,4,32,32,128,128,-12.6,1,1
244,0x060037B9,scenery,0.5631,7.96,14.137,0,2,512,512,1024,1024,19.99,1,1
245,0x0600387F,scenery,0.5629,2.05,3.642,0,2,256,512,512,1024,47.87,1,0
246,0x06003D4A,dungeons,0.5624,5.069,9.013,0,4,128,256,512,1024,49.76,1,1
247,0x06003F10,dungeons,0.561,4.377,7.802,0,4,128,256,512,1024,32.9,1,1
248,0x0600387D,props,0.5569,1.488,2.672,0,4,256,512,1024,2048,61.01,0,0
249,0x060040C0,dungeons,0.5563,4.4,7.91,0,4,128,128,512,512,31.41,1,1
250,0x06003DBA,dungeons,0.5562,5.919,10.642,0,4,128,128,512,512,31.99,1,1
251,0x06004064,dungeons,0.5518,3.403,6.167,0,4,128,256,512,1024,37.71,1,1
252,0x06004052,dungeons,0.5514,4.228,7.667,0,4,128,128,512,512,28.61,1,1
253,0x06005D6E,props,0.5505,4.081,7.412,0,4,256,256,1024,1024,40.23,1,1
254,0x06003E42,dungeons,0.5503,2.975,5.406,0,4,128,256,512,1024,38.86,1,1
255,0x06003ED8,dungeons,0.5502,3.732,6.783,0,4,128,256,512,1024,52.56,1,1
256,0x06006132,scenery,0.5501,2.598,4.722,0,2,512,512,1024,1024,79.94,1,1
257,0x060042E8,scenery,0.5499,3.997,7.267,0,2,256,512,512,1024,51.51,1,1
258,0x060042E4,dungeons,0.5499,2.608,4.743,0,4,512,512,2048,2048,43.43,1,1
259,0x060040B4,dungeons,0.5489,3.468,6.319,0,4,128,128,512,512,35.3,1,1
260,0x0600476A,dungeons,0.5482,3.55,6.475,0,4,128,128,512,512,48.41,1,1
261,0x06003E63,dungeons,0.5479,3.895,7.108,0,4,128,256,512,1024,42.29,1,1
262,0x06003CA1,dungeons,0.5476,3.221,5.883,0,4,512,512,2048,2048,51.56,1,1
263,0x060037AC,scenery,0.5466,7.268,13.298,0,4,256,256,1024,1024,25.31,1,1
264,0x06005F20,scenery,0.5446,1.004,1.844,0,4,128,256,512,1024,70.17,0,0
265,0x06003F06,dungeons,0.5413,2.787,5.149,0,4,128,128,512,512,53.47,1,1
266,0x06003FE5,dungeons,0.5411,1.354,2.503,0,4,128,128,512,512,46.69,0,0
267,0x06003E21,dungeons,0.5409,3.609,6.672,0,4,128,256,512,1024,40.65,1,1
268,0x06003F72,dungeons,0.5408,4.255,7.868,0,4,256,256,1024,1024,33.85,1,1
269,0x0600400E,dungeons,0.5395,2.631,4.878,0,4,128,128,512,512,50.93,1,1
270,0x060039A7,dungeons,0.5395,1.489,2.76,0,4,128,128,512,512,54.69,0,0
271,0x06005017,doors,0.5388,1.601,2.971,15,4,16,128,64,512,,1,0
272,0x06003BCB,dungeons,0.5365,2.744,5.115,0,4,128,128,512,512,39.91,1,1
273,0x06003B20,dungeons,0.5358,3.573,6.668,0,4,128,128,512,512,45.85,1,1
274,0x06005A26,props,0.5342,1.891,3.54,0,4,256,256,1024,1024,57.64,1,0
275,0x06005008,props,0.5335,4.248,7.962,0,4,64,64,256,256,25.38,1,1
276,0x06003F74,dungeons,0.5332,6.519,12.224,0,4,256,256,1024,1024,28.81,1,1
277,0x06004727,scenery,0.5332,2.442,4.58,0,4,32,128,128,512,65.27,1,0
278,0x06005D59,props,0.5331,1.427,2.677,0,4,256,256,1024,1024,51.48,0,0
279,0x06006788,scenery,0.5316,2.348,4.416,0,4,256,256,1024,1024,38.6,1,0
280,0x06003F76,props,0.5316,4.556,8.571,0,4,128,128,512,512,39.4,1,1
281,0x06005D5B,props,0.5295,2.334,4.407,0,4,256,256,1024,1024,44.76,1,0
282,0x06006131,scenery,0.529,2.171,4.104,0,2,512,512,1024,1024,59.04,1,0
283,0x06003937,dungeons,0.5286,2.109,3.99,0,4,128,256,512,1024,48.06,1,0
284,0x060042BC,dungeons,0.5272,7.628,14.468,0,4,64,64,256,256,31.62,1,1
285,0x060051AF,doors,0.5264,4.193,7.965,0,4,64,128,256,512,41.05,1,1
286,0x060040BE,dungeons,0.5263,4.485,8.521,0,4,128,128,512,512,30.08,1,1
287,0x060043F4,dungeons,0.5261,0.951,1.808,0,4,512,512,2048,2048,59.42,0,0
288,0x06003DB6,dungeons,0.5221,8.737,16.735,0,4,128,128,512,512,27.09,1,1
289,0x060070F9,creatures,0.5197,3.001,5.774,0,4,256,256,1024,1024,21.53,1,1
290,0x06003997,dungeons,0.519,4.838,9.323,0,4,128,128,512,512,30.74,1,1
291,0x060040D8,scenery,0.5186,3.272,6.31,0,4,128,128,512,512,36.85,1,1
292,0x06003EB0,dungeons,0.5186,1.14,2.199,0,4,128,256,512,1024,78.33,0,0
293,0x060064F2,creatures,0.5185,9.389,18.109,0,4,128,128,512,512,10.92,1,1
294,0x06005D5D,props,0.5173,1.636,3.162,0,4,256,256,1024,1024,53.92,1,0
295,0x06005E04,props,0.5171,3.057,5.911,0,4,256,256,1024,1024,51.09,1,1
296,0x06003FD3,dungeons,0.5155,2.331,4.522,0,4,128,256,512,1024,56.99,1,0
297,0x06003E1E,dungeons,0.5142,1.274,2.478,0,4,256,256,1024,1024,89.95,0,0
298,0x06003999,dungeons,0.5139,3.63,7.063,0,4,128,256,512,1024,40.89,1,1
299,0x0600399F,doors,0.5133,2.948,5.744,0,4,128,128,512,512,32.64,1,1
300,0x060037FA,scenery,0.5131,3.735,7.279,0,2,512,512,1024,1024,26.85,1,1
301,0x0600398D,dungeons,0.5123,4.771,9.313,0,4,128,128,512,512,30.79,1,1
302,0x0600481C,dungeons,0.5108,2.099,4.11,0,4,256,256,1024,1024,31.55,1,0
303,0x06003904,dungeons,0.5106,2.201,4.31,0,4,128,256,512,1024,44.94,1,0
304,0x060069DF,creatures,0.5098,0.9,1.765,0,4,256,256,1024,1024,43.92,0,0
305,0x06005A41,creatures,0.5085,1.141,2.244,0,4,128,128,512,512,8.72,0,0
306,0x06005D6F,props,0.5085,3.784,7.441,0,4,256,256,1024,1024,40.81,1,1
307,0x0600390F,dungeons,0.5047,2.101,4.164,0,4,128,128,512,512,53.85,1,0
308,0x060048BD,scenery,0.5021,4.347,8.658,0,4,256,256,1024,1024,26.6,1,1
309,0x06003EEB,dungeons,0.5021,1.528,3.043,0,4,128,256,512,1024,51.06,1,0
310,0x06003935,doors,0.501,2.253,4.496,15,4,128,64,512,256,50.33,1,0
311,0x06004FF3,doors,0.4972,2.559,5.148,0,4,64,32,256,128,49.34,1,0
312,0x06005A25,props,0.4971,2.733,5.497,0,4,256,512,1024,2048,32.87,1,0
313,0x0600683C,creatures,0.4957,3.653,7.369,0,4,256,256,1024,1024,48.48,1,0
314,0x06004085,dungeons,0.4956,4.157,8.387,0,4,128,256,512,1024,44.42,1,0
315,0x06004140,dungeons,0.4945,7.724,15.62,0,4,128,256,512,1024,22.07,1,0
316,0x0600656B,creatures,0.4942,1.426,2.885,0,4,256,256,1024,1024,92.92,0,0
317,0x060040DA,scenery,0.4941,2.92,5.91,0,4,128,128,512,512,42.04,1,0
318,0x060037CD,creatures,0.491,2.509,5.11,0,4,256,256,1024,1024,55.15,1,0
319,0x06003991,dungeons,0.4902,3.141,6.409,0,4,128,256,512,1024,40.49,1,0
320,0x06004701,props,0.49,3.373,6.884,0,4,128,128,512,512,40.14,1,0
321,0x06003B0B,dungeons,0.4898,6.723,13.726,0,4,128,256,512,1024,29.62,1,0
322,0x06007372,doors,0.4885,0.902,1.847,0,4,256,256,1024,1024,50.98,0,0
323,0x060049E6,doors,0.4885,3.766,7.709,0,4,128,128,512,512,33.73,1,0
324,0x060069D1,dungeons,0.4884,3.054,6.253,0,4,128,128,512,512,40.88,1,0
325,0x060065EB,props,0.4883,2.068,4.234,0,4,64,128,256,512,37.3,1,0
326,0x06005D5A,props,0.4863,1.445,2.972,0,4,256,256,1024,1024,49.87,0,0
327,0x06003F12,dungeons,0.486,3.17,6.522,0,4,128,128,512,512,39.11,1,0
328,0x0600453F,scenery,0.4858,1.384,2.848,0,4,256,256,1024,1024,58.93,0,0
329,0x06003989,dungeons,0.4851,2.931,6.043,0,4,128,128,512,512,45.86,1,0
330,0x0600463A,props,0.485,2.668,5.5,0,4,128,128,512,512,51.41,1,0
331,0x060052B3,props,0.4838,2.023,4.181,0,4,256,256,1024,1024,37.81,1,0
332,0x06006BDA,props,0.4838,1.27,2.625,0,4,128,128,512,512,28.12,0,0
333,0x0600610A,creatures,0.4827,1.398,2.897,0,4,256,256,1024,1024,53.09,0,0
334,0x0600401E,dungeons,0.482,7.354,15.259,0,4,128,256,512,1024,29.67,1,0
335,0x06003798,scenery,0.4819,6.971,14.465,4,4,64,64,256,256,10.87,1,0
336,0x06003EDA,dungeons,0.4781,3.048,6.375,0,4,128,256,512,1024,40.0,1,0
337,0x060069D9,creatures,0.4781,1.091,2.282,0,4,256,256,1024,1024,36.22,0,0
338,0x06006C76,props,0.4767,0.899,1.886,13,4,256,512,1024,2048,19.62,0,0
339,0x06003AEB,dungeons,0.4743,2.496,5.264,0,4,128,128,512,512,39.26,1,0
340,0x06003F89,dungeons,0.4736,7.723,16.305,0,4,128,256,512,1024,23.65,1,0
341,0x06003C7D,creatures,0.4732,1.916,4.049,0,4,128,128,512,512,46.04,1,0
342,0x06005D70,props,0.4701,2.521,5.363,0,4,256,256,1024,1024,45.32,1,0
343,0x060039B1,dungeons,0.4692,0.887,1.891,0,4,64,64,256,256,110.65,0,0
344,0x06004170,dungeons,0.469,2.689,5.733,0,4,128,256,512,1024,39.3,1,0
345,0x060040C4,dungeons,0.4688,3.899,8.317,0,4,128,256,512,1024,30.77,1,0
346,0x06005608,creatures,0.4676,4.994,10.68,0,4,128,64,512,256,42.82,1,0
347,0x06003D49,dungeons,0.4672,3.556,7.612,0,4,128,128,512,512,36.89,1,0
348,0x0600417D,scenery,0.467,5.537,11.856,0,4,128,128,512,512,33.87,1,0
349,0x06003E84,dungeons,0.4632,7.641,16.494,0,4,128,256,512,1024,23.81,1,0
350,0x06004175,dungeons,0.4632,2.16,4.663,0,4,128,128,512,512,34.78,1,0
351,0x06003D8F,dungeons,0.4627,2.314,5.002,0,4,128,256,512,1024,37.63,1,0
352,0x06003E48,dungeons,0.4627,2.808,6.068,0,4,128,128,512,512,42.2,1,0
353,0x06004045,dungeons,0.462,2.822,6.109,0,4,128,128,512,512,39.5,1,0
354,0x0600425A,dungeons,0.4614,5.914,12.818,0,4,128,128,512,512,32.7,1,0
355,0x06003BD5,dungeons,0.4608,3.038,6.592,0,4,128,256,512,1024,43.94,1,0
356,0x06003E17,dungeons,0.4605,3.604,7.826,0,4,128,256,512,1024,43.39,1,0
357,0x0600403B,creatures,0.4601,0.361,0.786,0,4,128,128,512,512,196.66,0,0
358,0x06003ED5,dungeons,0.4596,1.761,3.832,0,4,128,128,512,512,40.72,1,0
359,0x06004705,dungeons,0.4596,2.287,4.976,0,4,128,128,512,512,38.5,1,0
360,0x0600648F,props,0.4586,1.126,2.455,0,4,512,512,2048,2048,42.08,0,0
361,0x060037A1,scenery,0.4585,5.987,13.059,0,2,512,512,1024,1024,28.06,1,0
362,0x060048A6,scenery,0.458,4.707,10.277,0,4,256,256,1024,1024,29.1,1,0
363,0x060040C8,dungeons,0.4567,3.522,7.711,0,4,128,256,512,1024,25.14,1,0
364,0x060040CA,scenery,0.4542,4.861,10.703,0,4,256,256,1024,1024,31.81,1,0
365,0x0600507F,doors,0.4535,3.054,6.733,0,4,64,128,256,512,30.71,1,0
366,0x060047C2,props,0.4535,2.353,5.189,0,4,128,64,512,256,6.41,1,0
367,0x06003CAC,scenery,0.4534,3.959,8.732,0,2,256,512,512,1024,18.72,1,0
368,0x060047DC,dungeons,0.453,3.652,8.062,0,4,256,256,1024,1024,28.96,1,0
369,0x06005D74,props,0.4527,3.709,8.194,0,4,256,256,1024,1024,39.83,1,0
370,0x06003F9C,dungeons,0.4522,4.479,9.906,0,4,256,256,1024,1024,34.92,1,0
371,0x06003CA8,dungeons,0.4511,5.394,11.958,0,4,512,512,2048,2048,36.02,1,0
372,0x0600683A,creatures,0.4494,4.286,9.537,0,4,256,256,1024,1024,48.41,1,0
373,0x060043F7,dungeons,0.4491,1.07,2.382,0,4,512,512,2048,2048,43.99,0,0
374,0x0600390B,dungeons,0.449,2.98,6.637,0,4,128,128,512,512,32.44,1,0
375,0x060052B1,props,0.4488,4.078,9.085,0,4,256,256,1024,1024,25.76,1,0
376,0x0600604E,scenery,0.4483,4.08,9.101,0,4,128,128,512,512,33.25,1,0
377,0x06004180,scenery,0.4482,2.911,6.495,0,4,128,128,512,512,34.71,1,0
378,0x06003D93,dungeons,0.4481,3.527,7.871,0,4,128,128,512,512,36.44,1,0
379,0x06005648,creatures,0.4478,4.637,10.354,4,4,64,128,256,512,27.43,1,0
380,0x060042BE,scenery,0.4477,9.073,20.266,0,4,128,128,512,512,13.04,1,0
381,0x0600407D,scenery,0.4471,3.086,6.902,0,4,128,128,512,512,33.84,1,0
382,0x06003E46,dungeons,0.4465,4.201,9.408,0,4,128,128,512,512,25.7,1,0
383,0x06004425,dungeons,0.4461,9.349,20.958,0,4,64,64,256,256,33.51,1,0
384,0x06003FE3,dungeons,0.4457,1.485,3.333,0,4,128,128,512,512,55.68,0,0
385,0x060039B5,dungeons,0.4454,5.293,11.884,0,4,64,128,256,512,37.85,1,0
386,0x06003ADA,dungeons,0.4449,2.05,4.608,0,4,128,128,512,512,39.84,1,0
387,0x06003B07,dungeons,0.4446,6.002,13.5,0,4,256,256,1024,1024,28.63,1,0
388,0x06003DA7,dungeons,0.4438,1.434,3.231,0,4,128,128,512,512,46.56,0,0
389,0x060050F4,props,0.443,8.722,19.69,2,4,32,64,128,256,-13.46,1,0
390,0x060047ED,scenery,0.4428,3.781,8.539,8,4,128,128,512,512,-1.1,1,0
391,0x060039B9,dungeons,0.4428,1.091,2.464,0,4,128,128,512,512,45.29,0,0
392,0x06003FC0,dungeons,0.4393,2.84,6.465,0,4,128,256,512,1024,32.46,1,0
393,0x06006B9B,scenery,0.4382,9.252,21.116,0,2,256,512,512,1024,6.97,1,0
394,0x06003D09,props,0.438,4.903,11.193,8,4,64,64,256,256,15.33,1,0
395,0x0600400A,doors,0.4366,5.083,11.642,0,4,128,256,512,1024,33.22,1,0
396,0x06003C9F,dungeons,0.4355,4.621,10.611,0,4,512,512,2048,2048,38.71,1,0
397,0x060038A4,props,0.4349,1.458,3.352,0,4,128,256,512,1024,41.73,0,0
398,0x06003EF6,dungeons,0.4344,2.813,6.475,0,4,128,128,512,512,45.75,1,0
399,0x0600610C,creatures,0.433,1.064,2.457,0,4,256,256,1024,1024,69.44,0,0
400,0x06006F86,scenery,0.4325,1.993,4.607,0,2,512,512,1024,1024,17.32,1,0
401,0x06003CAA,dungeons,0.4325,2.342,5.416,15,4,128,128,512,512,55.98,1,0
402,0x06004770,props,0.432,2.316,5.36,0,4,128,64,512,256,10.32,1,0
403,0x060039C9,props,0.4311,3.875,8.989,0,4,128,128,512,512,38.32,1,0
404,0x06005416,props,0.4308,2.474,5.743,4,4,128,64,512,256,15.25,1,0
405,0x06005DA2,creatures,0.4307,4.653,10.804,0,4,256,128,1024,512,29.49,1,0
406,0x06003B1E,dungeons,0.4302,2.494,5.798,0,4,128,256,512,1024,46.85,1,0
407,0x060039BD,dungeons,0.4293,2.015,4.693,0,4,128,128,512,512,52.64,1,0
408,0x06003D11,dungeons,0.4293,1.591,3.707,0,4,256,256,1024,1024,38.77,1,0
409,0x060038A8,dungeons,0.4287,1.737,4.052,0,4,128,128,512,512,32.68,1,0
410,0x06003981,dungeons,0.4283,0.81,1.892,0,4,128,128,512,512,89.09,0,0
411,0x06003939,dungeons,0.4282,1.602,3.74,0,4,128,128,512,512,41.66,1,0
412,0x06005A0D,creatures,0.428,1.562,3.648,0,4,512,512,2048,2048,71.73,1,0
413,0x06003C2D,scenery,0.428,2.54,5.935,0,2,256,512,512,1024,53.51,1,0
414,0x060053EA,props,0.4277,3.265,7.634,0,4,32,32,128,128,16.48,1,0
415,0x06004014,doors,0.4252,1.557,3.661,1,4,128,128,512,512,64.64,1,0
416,0x06004020,dungeons,0.4246,6.116,14.404,0,4,256,256,1024,1024,25.78,1,0
417,0x06003B01,dungeons,0.4245,2.549,6.005,0,4,128,128,512,512,38.74,1,0
418,0x06003ECF,dungeons,0.4238,3.23,7.62,0,4,128,128,512,512,43.77,1,0
419,0x06004066,dungeons,0.4226,1.368,3.237,0,4,128,256,512,1024,40.35,0,0
420,0x06005DAC,props,0.4225,0.807,1.911,0,4,64,64,256,256,113.73,0,0
421,0x060039CD,dungeons,0.422,3.046,7.218,0,4,128,256,512,1024,41.42,1,0
422,0x06003DFF,scenery,0.4216,2.515,5.965,0,4,64,64,256,256,17.39,1,0
423,0x06003E40,dungeons,0.4203,4.246,10.103,0,4,128,128,512,512,30.98,1,0
424,0x060040C6,dungeons,0.4203,3.666,8.724,0,4,128,256,512,1024,31.38,1,0
425,0x060045B6,props,0.4194,4.588,10.939,0,4,128,128,512,512,22.64,1,0
426,0x06003EA6,dungeons,0.4189,2.111,5.039,0,4,128,128,512,512,41.99,1,0
427,0x06003F9A,dungeons,0.4185,3.061,7.315,0,4,128,256,512,1024,36.74,1,0
428,0x06005D63,props,0.4185,3.489,8.337,0,4,128,256,512,1024,52.77,1,0
429,0x06003E56,dungeons,0.4183,3.244,7.756,0,4,128,256,512,1024,41.91,1,0
430,0x0600403C,creatures,0.4183,5.537,13.239,0,4,256,256,1024,1024,23.98,1,0
431,0x060070F7,creatures,0.4182,4.094,9.79,0,4,256,256,1024,1024,26.89,1,0
432,0x06004251,scenery,0.418,4.003,9.578,0,4,64,128,256,512,32.58,1,0
433,0x06003E54,dungeons,0.4177,2.254,5.396,0,4,128,128,512,512,35.55,1,0
434,0x06003C93,scenery,0.4168,0.461,1.107,0,2,256,512,512,1024,64.63,0,0
435,0x06003F6A,creatures,0.4165,1.696,4.071,0,4,128,128,512,512,17.74,1,0
436,0x0600490E,dungeons,0.4163,5.456,13.104,0,4,128,64,512,256,45.6,1,0
437,0x0600413E,props,0.4163,1.303,3.131,0,4,32,64,128,256,13.69,0,0
438,0x06006BC3,scenery,0.4159,3.715,8.932,0,2,512,512,1024,1024,10.34,1,0
439,0x060047D0,props,0.4146,1.918,4.625,4,4,128,64,512,256,11.29,1,0
440,0x06004898,dungeons,0.4143,4.27,10.307,0,4,256,256,1024,1024,34.46,1,0
441,0x060042C4,dungeons,0.4135,4.512,10.912,0,4,128,128,512,512,39.91,1,0
442,0x060069DD,creatures,0.4134,1.048,2.535,0,4,256,256,1024,1024,46.44,0,0
443,0x06003953,dungeons,0.4134,1.18,2.854,0,4,256,512,1024,2048,51.03,0,0
444,0x060048BA,scenery,0.4131,1.896,4.588,0,4,256,256,1024,1024,40.19,1,0
445,0x06006F88,scenery,0.4126,2.858,6.929,0,2,512,512,1024,1024,17.96,1,0
446,0x06003987,dungeons,0.4123,1.33,3.226,0,4,128,128,512,512,51.89,0,0
447,0x060043A6,props,0.4123,10.887,26.407,0,4,32,64,128,256,14.89,1,0
448,0x06003E5F,dungeons,0.412,1.53,3.713,0,4,128,128,512,512,53.48,1,0
449,0x060043AC,creatures,0.4117,8.316,20.2,0,4,64,64,256,256,1.96,1,0
450,0x06003CA3,dungeons,0.4117,5.748,13.962,0,4,512,512,2048,2048,27.2,1,0
451,0x06003FE7,dungeons,0.4114,1.304,3.169,0,4,128,128,512,512,49.49,0,0
452,0x060053AB,props,0.4109,2.157,5.25,4,4,128,64,512,256,14.67,1,0
453,0x06005E39,props,0.4103,8.242,20.088,0,4,256,128,1024,512,9.21,1,0
454,0x0600453D,scenery,0.4097,3.644,8.896,0,4,256,256,1024,1024,31.39,1,0
455,0x06003D99,dungeons,0.4088,2.586,6.327,0,4,128,256,512,1024,31.62,1,0
456,0x06003AF9,dungeons,0.4085,1.75,4.284,0,4,128,128,512,512,57.37,1,0
457,0x060038F6,dungeons,0.406,2.652,6.531,0,4,128,128,512,512,35.12,1,0
458,0x0600437E,dungeons,0.4056,3.436,8.472,0,4,64,32,256,128,22.58,1,0
459,0x06005FE3,creatures,0.4055,1.061,2.617,0,4,256,256,1024,1024,59.64,0,0
460,0x06003F02,dungeons,0.4051,2.083,5.141,0,4,128,128,512,512,26.58,1,0
461,0x06004022,dungeons,0.405,4.576,11.3,0,4,128,256,512,1024,31.62,1,0
462,0x0600526C,props,0.4028,5.376,13.346,0,4,64,64,256,256,18.13,1,0
463,0x06005F1E,scenery,0.4024,0.997,2.477,0,4,128,256,512,1024,59.91,0,0
464,0x060043E6,props,0.4019,8.018,19.949,8,4,32,32,128,128,7.55,1,0
465,0x06003D95,dungeons,0.4019,2.741,6.821,0,4,128,128,512,512,37.31,1,0
466,0x06006A6E,dungeons,0.4018,1.704,4.239,0,4,512,512,2048,2048,23.32,1,0
467,0x06004573,props,0.401,1.822,4.542,0,4,128,64,512,256,2.09,1,0
468,0x060038FC,dungeons,0.4006,1.181,2.948,0,4,128,128,512,512,43.79,0,0
469,0x06003BC9,dungeons,0.4002,2.492,6.226,0,4,128,128,512,512,36.43,1,0
470,0x0600407B,scenery,0.3999,1.454,3.634,0,4,128,256,512,1024,39.81,0,0
471,0x060039C7,dungeons,0.3997,2.425,6.067,0,4,128,256,512,1024,42.79,1,0
472,0x060040BA,dungeons,0.3995,3.782,9.465,0,4,128,128,512,512,31.81,1,0
473,0x06003FBE,dungeons,0.3992,3.551,8.895,0,4,128,256,512,1024,27.74,1,0
474,0x06003B36,dungeons,0.3986,1.697,4.257,0,4,128,256,512,1024,46.58,1,0
475,0x06003907,dungeons,0.3985,2.778,6.972,0,4,128,256,512,1024,33.27,1,0
476,0x06003CB3,dungeons,0.3984,4.343,10.902,0,4,256,256,1024,1024,36.23,1,0
477,0x06003D43,dungeons,0.3982,3.985,10.007,0,4,128,128,512,512,36.44,1,0
478,0x06003DBF,props,0.3981,9.403,23.621,0,4,128,128,512,512,29.74,1,0
479,0x06003ED6,dungeons,0.3974,1.935,4.87,0,4,128,128,512,512,38.73,1,0
480,0x06003790,scenery,0.3969,3.272,8.244,0,2,512,512,1024,1024,32.91,1,0
481,0x06004010,creatures,0.3964,0.473,1.193,4,4,64,64,256,256,96.47,0,0
482,0x06003A17,creatures,0.3962,1.73,4.368,0,4,256,256,1024,1024,40.83,1,0
483,0x06003D97,dungeons,0.3948,0.579,1.467,0,4,128,128,512,512,56.85,0,0
484,0x06003E4A,dungeons,0.3942,2.859,7.252,0,4,128,128,512,512,38.08,1,0
485,0x06003B2E,dungeons,0.394,1.596,4.051,0,4,128,128,512,512,33.1,1,0
486,0x060047F5,props,0.394,2.133,5.414,0,4,128,64,512,256,5.34,1,0
487,0x06006A05,dungeons,0.3927,1.258,3.204,0,4,512,256,2048,1024,22.81,0,0
488,0x060047E8,props,0.392,2.096,5.346,0,4,128,64,512,256,7.31,1,0
489,0x06005073,props,0.3915,7.828,19.996,1,4,32,64,128,256,0.55,1,0
490,0x06003E9E,dungeons,0.3893,3.293,8.459,0,4,128,256,512,1024,32.55,1,0
491,0x06004FF1,doors,0.3887,0.797,2.049,3,4,128,64,512,256,49.51,0,0
492,0x0600441D,dungeons,0.3885,3.498,9.004,0,4,64,256,256,1024,40.4,1,0
493,0x060043F5,dungeons,0.388,1.056,2.722,0,4,256,256,1024,1024,48.42,0,0
494,0x06003D2C,dungeons,0.3865,1.623,4.2,0,4,128,128,512,512,44.62,1,0
495,0x06003791,scenery,0.3864,3.399,8.795,0,2,512,512,1024,1024,28.4,1,0
496,0x06006F87,scenery,0.386,4.234,10.969,0,2,512,512,1024,1024,17.99,1,0
497,0x06003983,dungeons,0.3856,1.94,5.031,0,4,128,128,512,512,37.67,1,0
498,0x06003E61,dungeons,0.3851,2.789,7.241,0,4,128,256,512,1024,42.8,1,0
499,0x06003D89,dungeons,0.385,2.443,6.345,0,4,128,256,512,1024,34.52,1,0
500,0x06006BDE,props,0.3846,1.036,2.695,0,4,256,256,1024,1024,4.61,0,0
501,0x060039C1,dungeons,0.3843,5.15,13.401,0,4,64,64,256,256,23.75,1,0
502,0x06003D91,dungeons,0.3835,2.709,7.062,0,4,128,128,512,512,34.99,1,0
503,0x06003902,dungeons,0.3824,2.289,5.986,0,4,128,256,512,1024,42.1,1,0
504,0x06003D64,dungeons,0.3818,1.007,2.637,0,4,128,128,512,512,39.79,0,0
505,0x060051A5,doors,0.3818,1.007,2.637,0,4,128,128,512,512,39.79,0,0
506,0x06003FEB,dungeons,0.3812,3.369,8.839,0,4,128,128,512,512,37.96,1,0
507,0x06003DF9,props,0.3795,3.922,10.335,0,4,32,32,128,128,2.93,1,0
508,0x06004092,props,0.379,3.157,8.331,0,4,32,32,128,128,-18.97,1,0
509,0x06003FCD,scenery,0.3785,4.877,12.884,0,4,128,128,512,512,40.12,1,0
510,0x06003C8B,dungeons,0.3783,2.482,6.561,0,4,128,256,512,1024,44.66,1,0
511,0x06003F00,dungeons,0.378,2.255,5.966,0,4,128,128,512,512,36.22,1,0
512,0x06004104,dungeons,0.3779,2.026,5.362,0,4,128,128,512,512,28.06,1,0
513,0x06003B2C,dungeons,0.3778,1.871,4.952,0,4,128,256,512,1024,41.98,1,0
514,0x060039CB,dungeons,0.3772,1.968,5.218,0,4,128,256,512,1024,25.19,1,0
515,0x06003CA0,dungeons,0.3772,2.143,5.681,0,4,512,512,2048,2048,35.55,1,0
516,0x060042BA,dungeons,0.3769,3.07,8.147,0,4,128,128,512,512,33.86,1,0
517,0x06003E1D,dungeons,0.3766,3.174,8.427,0,4,128,256,512,1024,52.59,1,0
518,0x06003FAB,dungeons,0.3762,4.369,11.612,0,4,256,256,1024,1024,22.81,1,0
519,0x060040B8,dungeons,0.3742,3.281,8.77,0,4,128,128,512,512,30.44,1,0
520,0x06006D6E,creatures,0.3742,5.496,14.688,0,4,512,512,2048,2048,15.35,1,0
521,0x06003EBA,dungeons,0.3741,2.169,5.798,0,4,128,128,512,512,35.16,1,0
522,0x06003E4E,dungeons,0.3737,3.097,8.288,0,4,128,256,512,1024,31.84,1,0
523,0x0600405F,dungeons,0.3729,1.569,4.208,0,4,512,512,2048,2048,40.69,1,0
524,0x06004061,dungeons,0.3718,1.412,3.797,0,4,512,512,2048,2048,57.28,0,0
525,0x06003E10,dungeons,0.3718,1.83,4.923,0,4,128,256,512,1024,36.23,1,0
526,0x06003CB5,dungeons,0.3713,3.7,9.964,0,4,256,256,1024,1024,21.99,1,0
527,0x06003963,dungeons,0.3701,1.102,2.978,0,4,128,128,512,512,61.52,0,0
528,0x06004581,props,0.37,1.889,5.105,4,4,128,64,512,256,7.48,1,0
529,0x06003959,dungeons,0.3696,0.873,2.363,0,4,256,256,1024,1024,46.91,0,0
530,0x06005A2F,props,0.3694,1.515,4.102,0,4,128,256,512,1024,86.23,1,0
531,0x06003AFD,doors,0.3688,1.916,5.193,0,4,128,128,512,512,46.62,1,0
532,0x060041C9,scenery,0.3685,2.54,6.894,0,4,128,256,512,1024,41.57,1,0
533,0x06005E37,props,0.3681,2.592,7.042,0,4,128,64,512,256,42.76,1,0
534,0x06005D68,props,0.368,2.43,6.602,0,4,128,256,512,1024,56.46,1,0
535,0x060039C5,dungeons,0.368,3.6,9.782,0,4,128,128,512,512,24.62,1,0
536,0x0600417B,dungeons,0.368,2.016,5.478,0,4,128,256,512,1024,53.36,1,0
537,0x06003ECB,dungeons,0.367,2.652,7.226,0,4,128,128,512,512,37.65,1,0
538,0x06005339,doors,0.3665,1.365,3.724,0,4,128,256,512,1024,69.2,0,0
539,0x06003E58,dungeons,0.3663,2.769,7.56,0,4,128,256,512,1024,30.54,1,0
540,0x06003AC8,scenery,0.3656,2.918,7.98,8,4,32,32,128,128,-21.01,1,0
541,0x06004102,dungeons,0.3656,0.636,1.741,0,4,256,256,1024,1024,51.83,0,0
542,0x0600475D,props,0.3651,1.751,4.796,0,4,128,64,512,256,5.34,1,0
543,0x06003F04,dungeons,0.365,2.063,5.652,0,4,128,128,512,512,28.7,1,0
544,0x06004253,dungeons,0.365,4.095,11.218,0,4,128,128,512,512,34.92,1,0
545,0x06003DB8,dungeons,0.3646,4.911,13.472,0,4,128,128,512,512,26.93,1,0
546,0x060048A8,dungeons,0.3643,6.587,18.079,0,4,256,256,1024,1024,20.05,1,0
547,0x0600395F,dungeons,0.3642,0.956,2.625,0,4,256,256,1024,1024,55.69,0,0
548,0x060070F6,creatures,0.364,2.853,7.838,0,4,256,256,1024,1024,27.07,1,0
549,0x06004177,dungeons,0.3634,1.726,4.75,0,4,128,128,512,512,41.25,1,0
550,0x060066E8,creatures,0.363,1.629,4.487,0,4,128,128,512,512,75.21,1,0
551,0x060048B8,dungeons,0.3629,4.018,11.071,0,4,128,128,512,512,25.61,1,0
552,0x0600405B,doors,0.3624,1.582,4.364,0,4,64,64,256,256,42.74,1,0
553,0x0600550B,props,0.3612,3.522,9.752,9,4,64,64,256,256,36.91,1,0
554,0x060047C4,props,0.361,2.243,6.214,0,4,128,64,512,256,4.43,1,0
555,0x06003985,doors,0.36,1.96,5.446,0,4,128,128,512,512,38.68,1,0
556,0x060039BB,dungeons,0.3599,2.576,7.158,0,4,128,256,512,1024,27.96,1,0
557,0x06003E6C,scenery,0.3599,3.351,9.311,4,4,64,128,256,512,16.56,1,0
558,0x060043A2,props,0.3598,3.304,9.183,4,4,32,64,128,256,49.62,1,0
559,0x0600480F,dungeons,0.3586,3.822,10.657,0,4,256,256,1024,1024,22.41,1,0
560,0x060043F3,creatures,0.3579,1.338,3.738,12,4,64,64,256,256,28.55,0,0
561,0x060043FB,dungeons,0.3569,0.442,1.238,1,4,512,512,2048,2048,59.98,0,0
562,0x0600410D,dungeons,0.3566,2.686,7.532,0,4,128,256,512,1024,35.66,1,0
563,0x06003D9D,dungeons,0.3565,2.765,7.755,0,4,128,128,512,512,36.71,1,0
564,0x060048E1,props,0.3557,1.334,3.751,0,4,128,128,512,512,33.5,0,0
565,0x0600641C,scenery,0.3553,3.081,8.672,12,4,32,256,128,1024,3.61,1,0
566,0x06006490,scenery,0.3552,1.793,5.047,0,2,512,512,1024,1024,32.38,1,0
567,0x06003B32,dungeons,0.3551,1.474,4.152,0,4,128,128,512,512,41.6,0,0
568,0x06003875,scenery,0.3542,2.239,6.323,0,4,128,256,512,1024,9.75,1,0
569,0x060038C3,doors,0.3538,7.667,21.67,0,4,64,128,256,512,17.51,1,0
570,0x06003D1F,dungeons,0.3536,2.152,6.085,1,4,128,256,512,1024,38.87,1,0
571,0x06004274,dungeons,0.3523,4.338,12.315,0,4,128,128,512,512,26.6,1,0
572,0x060039BF,dungeons,0.352,2.689,7.638,0,4,128,128,512,512,29.14,1,0
573,0x060040E0,scenery,0.3516,4.558,12.963,0,4,128,128,512,512,23.75,1,0
574,0x06007503,scenery,0.3515,4.704,13.381,4,2,512,512,1024,1024,-0.35,1,0
575,0x060041E5,scenery,0.351,5.949,16.949,0,4,128,128,512,512,36.46,1,0
576,0x060048A4,dungeons,0.3508,6.287,17.92,0,4,256,256,1024,1024,23.57,1,0
577,0x06003CB7,dungeons,0.3507,2.941,8.386,0,4,256,256,1024,1024,32.56,1,0
578,0x06004419,dungeons,0.3501,3.258,9.306,0,4,64,256,256,1024,32.73,1,0
579,0x060069D8,creatures,0.3496,1.432,4.096,0,4,256,256,1024,1024,31.38,0,0
580,0x06005E38,props,0.3494,5.364,15.351,0,4,128,128,512,512,15.82,1,0
581,0x06004911,dungeons,0.3494,3.651,10.451,0,4,64,128,256,512,48.42,1,0
582,0x06003C89,dungeons,0.3492,2.288,6.552,0,4,256,256,1024,1024,27.09,1,0
583,0x060043F9,dungeons,0.3485,1.063,3.049,0,4,512,512,2048,2048,35.54,0,0
584,0x06003EC4,scenery,0.3483,4.805,13.795,0,4,128,256,512,1024,36.5,1,0
585,0x06003B34,dungeons,0.3482,1.416,4.066,0,4,128,128,512,512,46.82,0,0
586,0x0600507B,props,0.348,5.531,15.894,0,4,32,64,128,256,8.15,1,0
587,0x06005A2A,props,0.3478,4.595,13.211,0,4,512,512,2048,2048,22.78,1,0
588,0x060070F8,creatures,0.3458,3.047,8.811,0,4,256,256,1024,1024,28.85,1,0
589,0x0600442D,dungeons,0.3455,4.809,13.919,0,4,32,32,128,128,36.41,1,0
590,0x060048B4,dungeons,0.3444,1.269,3.684,0,4,256,256,1024,1024,30.26,0,0
591,0x06003909,dungeons,0.3433,2.776,8.087,0,4,128,128,512,512,25.17,1,0
592,0x06004818,scenery,0.3431,4.109,11.978,0,4,256,256,1024,1024,23.47,1,0
593,0x06005C0C,creatures,0.3405,4.09,12.012,0,4,128,128,512,512,31.31,1,0
594,0x06003884,props,0.3403,0.245,0.719,0,4,512,512,2048,2048,170.88,0,0
595,0x06005D4A,creatures,0.3397,1.775,5.225,0,4,128,256,512,1024,53.34,1,0
596,0x06003E03,scenery,0.3381,4.02,11.892,0,4,64,64,256,256,17.76,1,0
597,0x06003D07,props,0.3375,3.258,9.653,8,4,64,64,256,256,11.7,1,0
598,0x06004008,doors,0.3373,1.154,3.42,0,4,128,256,512,1024,40.97,0,0
599,0x0600457B,props,0.337,1.581,4.69,0,4,128,64,512,256,5.92,1,0
600,0x0600442F,dungeons,0.337,3.039,9.02,13,4,128,64,512,256,28.58,1,0
601,0x06005AF5,props,0.3368,2.316,6.876,0,4,512,512,2048,2048,40.65,1,0
602,0x060051E6,props,0.3364,2.959,8.796,0,4,32,64,128,256,37.23,1,0
603,0x060041E1,scenery,0.3363,6.719,19.977,0,4,128,128,512,512,20.09,1,0
604,0x06006BA8,scenery,0.3359,6.111,18.192,6,2,256,512,512,1024,1.52,1,0
605,0x06003B26,dungeons,0.3354,2.03,6.052,0,4,128,256,512,1024,39.53,1,0
606,0x06003AB0,scenery,0.3349,3.155,9.421,0,4,64,64,256,256,18.1,1,0
607,0x060047C8,props,0.3342,1.52,4.548,0,4,128,64,512,256,5.98,1,0
608,0x06003EB2,dungeons,0.3333,0.689,2.066,0,4,128,128,512,512,44.0,0,0
609,0x0600393D,dungeons,0.3328,1.18,3.547,0,4,128,128,512,512,50.58,0,0
610,0x060040B6,dungeons,0.3324,1.566,4.712,0,4,128,128,512,512,33.53,1,0
611,0x06005D90,props,0.3322,5.005,15.066,0,4,128,128,512,512,18.13,1,0
612,0x0600474B,dungeons,0.3319,0.902,2.718,15,4,128,128,512,512,95.31,0,0
613,0x06003D9F,props,0.3315,3.551,10.71,0,4,128,128,512,512,40.23,1,0
614,0x06003879,scenery,0.3311,2.184,6.596,0,4,128,256,512,1024,8.82,1,0
615,0x060039AB,dungeons,0.3309,2.657,8.029,0,4,128,128,512,512,27.2,1,0
616,0x06004792,props,0.3309,1.623,4.906,13,4,128,64,512,256,4.2,1,0
617,0x06004577,props,0.3307,1.635,4.943,0,4,128,64,512,256,9.78,1,0
618,0x06003CFA,dungeons,0.3302,3.261,9.874,1,4,128,256,512,1024,36.45,1,0
619,0x060048E3,props,0.3292,1.522,4.623,0,4,64,64,256,256,25.67,1,0
620,0x06005D66,props,0.3275,2.407,7.349,0,4,128,256,512,1024,50.59,1,0
621,0x060047CC,props,0.327,1.588,4.856,0,4,128,64,512,256,8.22,1,0
622,0x06003AD8,dungeons,0.3264,3.573,10.946,0,4,128,128,512,512,25.43,1,0
623,0x060047FD,props,0.3261,1.788,5.483,4,4,128,64,512,256,7.82,1,0
624,0x060067CE,scenery,0.326,1.424,4.367,0,4,256,256,1024,1024,42.68,0,0
625,0x060038D7,scenery,0.3257,2.468,7.578,0,4,256,256,1024,1024,24.68,1,0
626,0x06003F16,dungeons,0.3253,3.278,10.076,0,4,128,128,512,512,34.29,1,0
627,0x0600434A,props,0.325,1.84,5.662,0,4,512,512,2048,2048,44.82,1,0
628,0x06004018,scenery,0.3247,4.792,14.758,10,4,32,64,128,256,24.77,1,0
629,0x060047C6,props,0.3247,1.597,4.918,4,4,128,64,512,256,6.36,1,0
630,0x060039B7,dungeons,0.3241,4.329,13.354,0,4,128,64,512,256,35.08,1,0
631,0x06003E01,scenery,0.3241,1.736,5.355,13,4,64,64,256,256,31.7,1,0
632,0x06003C3D,dungeons,0.3239,4.505,13.909,0,4,128,128,512,512,47.76,1,0
633,0x06003DFD,scenery,0.3238,5.651,17.453,0,4,128,128,512,512,20.25,1,0
634,0x06003ACA,scenery,0.3234,3.393,10.492,8,4,32,128,128,512,-5.32,1,0
635,0x06004187,scenery,0.3234,2.205,6.818,0,4,256,256,1024,1024,28.37,1,0
636,0x06004788,props,0.3229,1.682,5.209,4,4,128,64,512,256,4.1,1,0
637,0x060048E5,props,0.3224,1.996,6.189,6,4,64,64,256,256,16.22,1,0
638,0x0600390D,dungeons,0.3223,3.119,9.677,0,4,128,128,512,512,25.69,1,0
639,0x060047B5,props,0.3215,1.921,5.975,4,4,128,64,512,256,7.88,1,0
640,0x060040D6,scenery,0.3214,1.794,5.581,0,4,128,128,512,512,41.56,1,0
641,0x060047FF,props,0.3203,1.502,4.689,12,4,128,64,512,256,2.54,1,0
642,0x060042A2,dungeons,0.3188,2.303,7.224,0,4,128,128,512,512,55.87,1,0
643,0x06003B15,dungeons,0.3184,3.277,10.291,0,4,128,256,512,1024,28.44,1,0
644,0x0600389E,doors,0.3173,1.496,4.714,0,4,128,128,512,512,28.79,0,0
645,0x06003C9A,dungeons,0.3166,5.247,16.57,0,4,128,128,512,512,42.89,1,0
646,0x06003CBB,doors,0.3165,3.534,11.164,0,4,128,256,512,1024,30.59,1,0
647,0x06006A06,dungeons,0.3151,0.915,2.902,0,4,512,256,2048,1024,25.05,0,0
648,0x06005F1C,scenery,0.3143,0.584,1.857,0,4,256,128,1024,512,73.96,0,0
649,0x0600526A,props,0.3137,7.284,23.216,0,4,128,128,512,512,15.07,1,0
650,0x06006840,creatures,0.3128,3.283,10.498,0,4,256,256,1024,1024,48.66,1,0
651,0x06006E05,scenery,0.3126,4.915,15.725,4,2,512,512,1024,1024,-0.59,1,0
652,0x06003F26,dungeons,0.3122,1.94,6.214,0,4,64,64,256,256,81.66,1,0
653,0x06004FFC,props,0.3119,2.385,7.645,1,4,128,128,512,512,51.89,1,0
654,0x06004089,scenery,0.3118,4.566,14.642,0,4,128,32,512,128,27.37,1,0
655,0x060038A6,dungeons,0.3117,2.162,6.938,0,4,128,128,512,512,45.05,1,0
656,0x06003DA1,dungeons,0.3111,1.212,3.896,0,4,128,128,512,512,43.67,0,0
657,0x06003DA5,dungeons,0.3111,1.212,3.896,0,4,128,128,512,512,43.67,0,0
658,0x06003941,dungeons,0.3109,2.722,8.754,0,4,128,128,512,512,28.32,1,0
659,0x06003913,dungeons,0.3106,2.54,8.18,0,4,128,128,512,512,46.28,1,0
660,0x06003A55,scenery,0.3105,2.411,7.765,0,4,128,64,512,256,29.38,1,0
661,0x0600478E,props,0.3095,1.226,3.96,0,4,128,64,512,256,6.1,0,0
662,0x0600490A,dungeons,0.3086,2.597,8.415,0,4,128,256,512,1024,38.66,1,0
663,0x06004411,props,0.3076,9.521,30.954,8,4,32,32,128,128,1.79,1,0
664,0x06005AF7,props,0.3075,2.122,6.901,0,4,512,512,2048,2048,38.92,1,0
665,0x06003AFF,dungeons,0.3072,1.967,6.404,0,4,128,256,512,1024,45.16,1,0
666,0x060039B3,dungeons,0.3071,0.783,2.55,15,4,128,128,512,512,94.46,0,0
667,0x06005D98,scenery,0.3068,2.362,7.699,0,4,128,128,512,512,22.79,1,0
668,0x06004383,scenery,0.3066,1.445,4.713,15,4,64,64,256,256,29.18,0,0
669,0x0600641B,scenery,0.3065,0.928,3.028,4,4,64,64,256,256,3.97,0,0
670,0x06003914,dungeons,0.3064,5.199,16.97,0,4,256,256,1024,1024,29.13,1,0
671,0x06004814,scenery,0.3062,3.683,12.028,0,4,256,256,1024,1024,21.94,1,0
672,0x06006BD1,scenery,0.3062,8.815,28.79,0,2,512,512,1024,1024,11.62,1,0
673,0x06003955,dungeons,0.3058,1.296,4.237,0,4,256,256,1024,1024,36.01,0,0
674,0x06003D6C,dungeons,0.3055,0.777,2.543,0,4,128,128,512,512,38.75,0,0
675,0x06004520,dungeons,0.3054,1.919,6.283,1,4,128,128,512,512,48.23,1,0
676,0x060047D2,props,0.3052,1.408,4.614,0,4,128,64,512,256,6.78,0,0
677,0x060047CE,props,0.305,1.44,4.722,4,4,128,64,512,256,8.22,0,0
678,0x0600451E,dungeons,0.3041,2.012,6.618,1,4,128,128,512,512,50.77,1,0
679,0x06003D15,dungeons,0.3029,1.547,5.107,0,4,256,256,1024,1024,44.6,1,0
680,0x06004106,dungeons,0.3029,0.922,3.044,0,4,128,128,512,512,41.71,0,0
681,0x06003EAE,dungeons,0.3029,1.288,4.253,0,4,128,128,512,512,39.57,0,0
682,0x06004637,dungeons,0.3025,3.521,11.637,0,4,128,256,512,1024,26.31,1,0
683,0x060046FF,scenery,0.3018,4.674,15.491,0,4,64,64,256,256,38.89,1,0
684,0x06003D13,dungeons,0.3017,1.879,6.229,0,4,256,256,1024,1024,42.81,1,0
685,0x06004801,creatures,0.2997,2.341,7.811,4,4,128,256,512,1024,8.74,1,0
686,0x06003EFC,props,0.2995,2.879,9.61,4,4,32,32,128,128,-14.47,1,0
687,0x06005DE4,scenery,0.2995,4.25,14.188,0,4,256,256,1024,1024,18.08,1,0
688,0x06003CC1,dungeons,0.2989,3.965,13.263,1,4,128,256,512,1024,26.49,1,0
689,0x06004090,scenery,0.2989,2.331,7.8,0,4,128,128,512,512,42.71,1,0
690,0x06003906,dungeons,0.2983,1.63,5.466,0,4,128,128,512,512,27.54,1,0
691,0x0600408D,scenery,0.2978,2.324,7.804,0,4,128,128,512,512,42.71,1,0
692,0x06005A21,props,0.2978,0.747,2.507,0,4,256,256,1024,1024,44.47,0,0
693,0x060039AF,dungeons,0.2977,1.715,5.759,0,4,128,256,512,1024,30.96,1,0
694,0x06006442,props,0.2971,1.824,6.14,0,4,32,32,128,128,66.85,1,0
695,0x06003D1D,dungeons,0.2952,2.256,7.642,13,4,128,256,512,1024,35.07,1,0
696,0x0600483B,scenery,0.295,1.155,3.914,0,4,32,32,128,128,23.0,0,0
697,0x06003FB4,dungeons,0.2946,1.78,6.044,0,4,128,128,512,512,44.39,1,0
698,0x06003911,dungeons,0.2945,0.87,2.954,0,4,256,256,1024,1024,60.44,0,0
699,0x06003D32,dungeons,0.2941,1.618,5.502,0,4,128,128,512,512,53.5,1,0
700,0x06003C3F,creatures,0.2941,0.455,1.546,0,4,256,512,1024,2048,116.44,0,0
701,0x0600728D,dungeons,0.2939,4.722,16.067,0,4,512,512,2048,2048,23.97,1,0
702,0x06003CB9,props,0.2934,2.266,7.726,0,4,256,256,1024,1024,31.78,1,0
703,0x0600550E,props,0.293,1.217,4.153,0,4,128,128,512,512,6.67,0,0
704,0x06003CBD,props,0.292,3.089,10.582,1,4,128,256,512,1024,25.87,1,0
705,0x06003D1B,dungeons,0.2919,2.14,7.333,0,4,128,256,512,1024,40.5,1,0
706,0x060053E6,props,0.2912,3.162,10.858,0,4,32,32,128,128,16.77,1,0
707,0x060047E4,props,0.2907,1.178,4.05,0,4,128,64,512,256,5.2,0,0
708,0x060069D7,creatures,0.2901,0.863,2.974,0,4,256,256,1024,1024,27.15,0,0
709,0x0600397B,dungeons,0.2898,2.138,7.376,0,4,128,256,512,1024,29.63,1,0
710,0x0600472B,scenery,0.2893,1.906,6.586,0,4,128,128,512,512,42.61,1,0
711,0x0600416C,dungeons,0.2884,1.096,3.801,0,4,128,256,512,1024,2.53,0,0
712,0x060072C3,scenery,0.2884,2.332,8.084,0,4,256,256,1024,1024,5.28,1,0
713,0x06005268,props,0.2877,6.68,23.221,12,4,64,64,256,256,2.7,1,0
714,0x06003D2E,dungeons,0.2862,1.77,6.184,0,4,128,128,512,512,41.98,1,0
715,0x06006BDB,scenery,0.2862,0.97,3.391,15,4,128,128,512,512,78.45,0,0
716,0x060047EF,props,0.286,1.333,4.66,12,4,128,64,512,256,3.49,0,0
717,0x060047DA,props,0.2859,1.78,6.225,4,4,128,64,512,256,-0.91,1,0
718,0x06006EAE,scenery,0.2845,3.054,10.733,2,2,512,512,1024,1024,2.23,1,0
719,0x06003AE9,dungeons,0.2829,2.444,8.639,0,4,128,128,512,512,30.85,1,0
720,0x06003D2A,dungeons,0.2828,1.714,6.062,0,4,128,256,512,1024,46.82,1,0
721,0x0600457D,props,0.2824,1.345,4.762,0,4,128,64,512,256,9.94,0,0
722,0x06003E13,props,0.2815,2.542,9.029,1,4,32,32,128,128,52.33,1,0
723,0x06003AEF,dungeons,0.2809,1.365,4.861,0,4,128,128,512,512,43.82,0,0
724,0x060047D6,props,0.2808,1.222,4.353,4,4,128,64,512,256,8.35,0,0
725,0x060042C6,dungeons,0.2805,5.399,19.251,0,4,128,128,512,512,24.43,1,0
726,0x060045A0,props,0.2792,6.762,24.216,0,4,32,32,128,128,-13.18,1,0
727,0x06003E6E,scenery,0.2791,1.148,4.113,8,4,128,128,512,512,7.66,0,0
728,0x06003E44,dungeons,0.2761,2.839,10.283,0,4,128,128,512,512,18.82,1,0
729,0x0600477C,props,0.276,1.21,4.383,0,4,128,64,512,256,7.07,0,0
730,0x06006F8E,doors,0.2756,0.678,2.459,1,4,512,512,2048,2048,24.77,0,0
731,0x06004135,props,0.2756,9.817,35.625,8,4,32,32,128,128,16.38,1,0
732,0x06005A4A,creatures,0.2753,2.097,7.617,8,4,32,128,128,512,68.88,1,0
733,0x06005751,props,0.2746,2.641,9.619,0,4,128,256,512,1024,-2.87,1,0
734,0x06003E7E,dungeons,0.2733,2.709,9.912,0,4,256,256,1024,1024,25.76,1,0
735,0x06004079,scenery,0.2731,1.831,6.706,0,4,128,128,512,512,38.52,1,0
736,0x060062A4,creatures,0.2726,1.349,4.948,8,4,256,256,1024,1024,1.58,0,0
737,0x06003E5A,dungeons,0.2723,1.65,6.06,0,4,128,128,512,512,26.91,1,0
738,0x060042C8,scenery,0.2721,4.441,16.319,0,4,128,128,512,512,25.67,1,0
739,0x06003877,scenery,0.272,3.96,14.56,0,4,128,128,512,512,8.22,1,0
740,0x06004843,props,0.2712,1.248,4.601,0,4,32,32,128,128,32.82,0,0
741,0x06003B4E,dungeons,0.2712,2.724,10.045,0,4,128,128,512,512,19.19,1,0
742,0x06006BE2,scenery,0.2701,6.787,25.128,0,2,512,512,1024,1024,7.91,1,0
743,0x06005FE6,props,0.2698,0.811,3.004,0,4,512,512,2048,2048,32.66,0,0
744,0x06003B53,props,0.2696,4.708,17.465,8,4,64,64,256,256,18.72,1,0
745,0x06003F6C,creatures,0.2695,1.573,5.836,4,4,64,128,256,512,7.6,1,0
746,0x0600478A,props,0.2688,1.267,4.714,0,4,128,64,512,256,8.53,0,0
747,0x06006A03,dungeons,0.2684,1.934,7.204,0,4,512,512,2048,2048,21.4,1,0
748,0x060038F0,dungeons,0.2683,2.488,9.274,0,4,128,128,512,512,47.38,1,0
749,0x0600683E,creatures,0.2682,2.231,8.316,0,4,256,256,1024,1024,48.14,1,0
750,0x06003AAC,scenery,0.2671,1.22,4.567,0,4,32,32,128,128,6.01,0,0
751,0x06005E18,props,0.2662,0.88,3.306,0,4,256,128,1024,512,47.35,0,0
752,0x060072AC,scenery,0.2658,2.131,8.017,0,4,256,256,1024,1024,6.83,1,0
753,0x06003C35,props,0.2658,4.378,16.468,13,4,16,16,64,64,,1,0
754,0x06003A15,scenery,0.2651,2.617,9.872,12,4,32,64,128,256,25.15,1,0
755,0x060047A8,props,0.2646,1.211,4.576,4,4,128,64,512,256,-1.25,0,0
756,0x06004820,props,0.2642,3.894,14.741,0,4,256,256,1024,1024,20.93,1,0
757,0x060064ED,creatures,0.2642,3.31,12.53,0,4,128,128,512,512,1.64,1,0
758,0x06006BE1,scenery,0.2642,3.51,13.286,2,2,256,512,512,1024,12.32,1,0
759,0x060063F5,scenery,0.2642,0.668,2.531,2,2,256,512,512,1024,11.75,0,0
760,0x06003AF1,dungeons,0.264,1.14,4.318,0,4,128,128,512,512,39.46,0,0
761,0x06003D30,dungeons,0.2635,1.635,6.207,0,4,128,128,512,512,42.79,1,0
762,0x0600393B,dungeons,0.2635,1.635,6.203,0,4,128,128,512,512,31.14,1,0
763,0x060062A7,dungeons,0.2635,1.635,6.203,0,4,128,128,512,512,31.14,1,0
764,0x06003EA0,dungeons,0.2626,1.139,4.338,0,4,128,128,512,512,39.82,0,0
765,0x060046EB,scenery,0.261,1.023,3.921,0,4,256,256,1024,1024,55.47,0,0
766,0x06006602,creatures,0.2606,0.403,1.544,0,4,512,256,2048,1024,14.44,0,0
767,0x060072AD,scenery,0.26,2.069,7.957,0,4,256,256,1024,1024,6.13,1,0
768,0x06006F8A,creatures,0.2599,4.152,15.973,0,4,512,512,2048,2048,10.99,1,0
769,0x06006A13,doors,0.2593,1.888,7.283,0,4,512,256,2048,1024,23.23,1,0
770,0x060072C5,scenery,0.2576,2.657,10.312,0,4,256,256,1024,1024,4.41,1,0
771,0x06005A43,creatures,0.2575,1.388,5.391,8,4,128,128,512,512,8.86,0,0
772,0x0600416A,dungeons,0.2574,0.831,3.23,4,4,128,256,512,1024,3.55,0,0
773,0x06004258,dungeons,0.2571,1.815,7.058,0,4,128,128,512,512,45.02,1,0
774,0x06003B56,props,0.2568,7.186,27.98,4,4,256,128,1024,512,-6.78,1,0
775,0x060072C4,scenery,0.2568,2.008,7.819,0,4,256,256,1024,1024,6.06,1,0
776,0x06005A42,creatures,0.2567,1.379,5.372,8,4,128,128,512,512,8.67,0,0
777,0x06004845,dungeons,0.2566,1.977,7.702,0,4,128,128,512,512,24.75,1,0
778,0x06004645,props,0.2564,2.129,8.307,8,4,64,128,256,512,7.59,1,0
779,0x0600668B,creatures,0.2558,0.415,1.621,1,4,128,128,512,512,81.26,0,0
780,0x060074D8,scenery,0.2556,2.4,9.389,2,2,512,512,1024,1024,-0.95,1,0
781,0x06003D3C,props,0.2553,0.77,3.015,4,4,32,32,128,128,7.18,0,0
782,0x06003876,scenery,0.2541,1.557,6.127,0,4,128,256,512,1024,15.25,1,0
783,0x06004816,scenery,0.2529,2.627,10.389,0,4,256,256,1024,1024,23.06,1,0
784,0x0600398F,dungeons,0.2528,2.032,8.038,0,4,128,128,512,512,21.26,1,0
785,0x06003EE1,props,0.2527,5.096,20.167,0,4,256,256,1024,1024,21.17,1,0
786,0x060041F3,dungeons,0.2522,4.148,16.445,0,4,128,128,512,512,26.89,1,0
787,0x060038C5,doors,0.2508,3.256,12.983,12,4,64,128,256,512,4.25,1,0
788,0x06003D76,dungeons,0.2502,3.186,12.731,0,4,128,128,512,512,23.65,1,0
789,0x06005A28,props,0.25,1.452,5.81,0,4,256,256,1024,1024,35.37,0,0
790,0x0600404B,scenery,0.2496,3.993,15.996,0,4,64,64,256,256,8.17,1,0
791,0x06003E8C,props,0.2489,2.405,9.661,15,4,32,64,128,256,52.73,1,0
792,0x06003EBE,dungeons,0.2487,2.004,8.058,0,4,128,128,512,512,30.86,1,0
793,0x060048EB,props,0.2482,6.334,25.522,0,4,128,128,512,512,5.3,1,0
794,0x060043F6,dungeons,0.2475,0.332,1.34,6,4,256,256,1024,1024,40.13,0,0
795,0x06003E92,dungeons,0.2473,1.531,6.192,0,4,128,256,512,1024,35.3,1,0
796,0x06003D0D,dungeons,0.2471,1.697,6.868,0,4,128,128,512,512,30.54,1,0
797,0x06006270,scenery,0.2461,1.737,7.057,11,4,128,64,512,256,63.14,1,0
798,0x06004113,dungeons,0.246,0.668,2.715,1,4,128,128,512,512,41.72,0,0
799,0x06005A44,creatures,0.2459,1.317,5.356,8,4,128,128,512,512,8.98,0,0
800,0x06003D0B,props,0.2457,3.72,15.138,0,4,64,64,256,256,24.94,1,0
801,0x06005DA0,scenery,0.2451,1.626,6.637,0,4,64,64,256,256,65.72,1,0
802,0x060066E6,scenery,0.245,4.697,19.17,8,4,256,256,1024,1024,0.3,1,0
803,0x06006BDC,scenery,0.245,0.699,2.855,0,4,256,256,1024,1024,30.25,0,0
804,0x06003B57,props,0.2447,5.879,24.023,4,4,128,128,512,512,-4.7,1,0
805,0x06005A49,creatures,0.2443,1.901,7.781,8,4,128,32,512,128,68.88,1,0
806,0x06005F7C,creatures,0.2435,2.179,8.948,0,4,64,128,256,512,44.03,1,0
807,0x06005F7D,creatures,0.2432,2.235,9.19,0,4,64,128,256,512,45.22,1,0
808,0x06003DA9,dungeons,0.2428,0.841,3.464,0,4,128,128,512,512,40.31,0,0
809,0x06006BD0,scenery,0.2427,1.117,4.601,0,2,64,512,128,1024,33.01,0,0
810,0x060069DB,creatures,0.242,0.726,2.998,0,4,256,256,1024,1024,24.08,0,0
811,0x06006BA6,scenery,0.2404,3.251,13.521,0,2,512,512,1024,1024,13.65,1,0
812,0x06003AA4,props,0.2393,1.854,7.748,12,4,32,32,128,128,102.17,1,0
813,0x06004575,props,0.2388,1.084,4.541,4,4,128,64,512,256,12.36,0,0
814,0x06006B9C,scenery,0.2384,0.588,2.465,0,2,512,512,1024,1024,20.27,0,0
815,0x060047B7,props,0.2379,1.446,6.075,4,4,128,64,512,256,7.9,0,0
816,0x06004812,scenery,0.2376,2.937,12.363,0,4,256,256,1024,1024,19.82,1,0
817,0x060053E2,props,0.2373,3.776,15.91,0,4,64,64,256,256,20.48,1,0
818,0x06003E6B,dungeons,0.2362,1.644,6.963,0,4,128,128,512,512,32.83,1,0
819,0x060037C5,scenery,0.235,4.247,18.072,0,4,128,128,512,512,8.73,1,0
820,0x06004632,scenery,0.2349,1.613,6.868,0,4,64,64,256,256,17.22,1,0
821,0x060054EC,creatures,0.2344,1.573,6.712,0,4,64,128,256,512,3.69,1,0
822,0x060039A5,dungeons,0.2344,1.373,5.859,0,4,128,256,512,1024,30.71,0,0
823,0x060039A9,dungeons,0.2344,1.373,5.859,0,4,128,256,512,1024,30.71,0,0
824,0x060053E4,props,0.2341,2.032,8.679,12,4,32,32,128,128,14.85,1,0
825,0x06005D49,creatures,0.2338,1.111,4.752,0,4,128,256,512,1024,62.79,0,0
826,0x060051B0,doors,0.2334,1.578,6.759,8,4,128,64,512,256,28.23,1,0
827,0x06003A0F,props,0.2332,1.504,6.448,3,4,16,16,64,64,,1,0
828,0x0600457F,props,0.2332,1.258,5.396,4,4,128,64,512,256,1.76,0,0
829,0x0600418D,scenery,0.2327,0.742,3.187,14,4,64,32,256,128,15.9,0,0
830,0x0600387E,scenery,0.2326,3.739,16.075,0,4,256,256,1024,1024,17.14,1,0
831,0x060047F9,props,0.2325,1.089,4.686,4,4,128,64,512,256,0.69,0,0
832,0x0600471B,creatures,0.2312,5.839,25.261,0,4,128,128,512,512,10.26,1,0
833,0x0600419D,props,0.2306,3.889,16.868,12,4,64,128,256,512,7.77,1,0
834,0x060057C5,props,0.2305,1.867,8.101,12,4,128,128,512,512,3.62,1,0
835,0x06003D44,dungeons,0.2302,3.569,15.505,0,4,128,128,512,512,27.08,1,0
836,0x060038F4,dungeons,0.2292,1.633,7.125,0,4,128,128,512,512,28.5,1,0
837,0x06004799,props,0.229,0.964,4.208,0,4,64,128,256,512,14.28,0,0
838,0x0600389C,dungeons,0.2275,1.55,6.813,0,4,128,128,512,512,20.89,1,0
839,0x060051E0,scenery,0.2274,5.254,23.103,0,4,64,64,256,256,6.6,1,0
840,0x06003E50,dungeons,0.2271,2.067,9.104,0,4,128,128,512,512,23.77,1,0
841,0x06005E12,props,0.2269,1.504,6.63,0,4,128,128,512,512,54.28,1,0
842,0x06006F4B,creatures,0.2262,0.213,0.943,0,4,512,512,2048,2048,40.19,0,0
843,0x06005D6A,props,0.2244,2.672,11.908,0,4,128,256,512,1024,38.92,1,0
844,0x06006F82,dungeons,0.223,2.448,10.978,0,4,512,512,2048,2048,26.61,1,0
845,0x06006F80,doors,0.223,2.448,10.978,0,4,512,512,2048,2048,26.61,1,0
846,0x060069DA,creatures,0.2229,0.4,1.793,0,4,256,256,1024,1024,21.96,0,0
847,0x0600407F,props,0.2227,1.971,8.85,0,4,128,128,512,512,25.37,1,0
848,0x060040D0,scenery,0.2224,6.11,27.478,4,4,64,64,256,256,1.5,1,0
849,0x060072B2,props,0.2223,1.183,5.322,8,4,256,256,1024,1024,1.72,0,0
850,0x06003993,dungeons,0.2217,4.44,20.022,0,4,128,128,512,512,47.54,1,0
851,0x06005BB8,props,0.2215,1.033,4.666,0,4,256,256,1024,1024,32.1,0,0
852,0x06006BD7,props,0.2203,2.487,11.289,0,4,256,256,1024,1024,11.07,1,0
853,0x06005D4B,creatures,0.2201,1.118,5.081,0,4,128,256,512,1024,61.43,0,0
854,0x060069DC,creatures,0.2192,0.774,3.531,0,4,256,256,1024,1024,19.66,0,0
855,0x060053E8,props,0.2185,2.343,10.722,12,4,32,32,128,128,19.13,1,0
856,0x06005E14,props,0.2185,2.03,9.292,0,4,128,128,512,512,67.75,1,0
857,0x06006662,creatures,0.2183,0.651,2.98,8,4,128,128,512,512,17.45,0,0
858,0x0600386F,scenery,0.2164,1.466,6.773,0,4,256,256,1024,1024,5.92,0,0
859,0x060047EC,creatures,0.2164,0.665,3.071,0,4,128,128,512,512,2.51,0,0
860,0x060039AD,dungeons,0.2151,1.25,5.809,0,4,128,128,512,512,25.72,0,0
861,0x06003AAA,props,0.2143,3.852,17.976,0,4,32,64,128,256,21.0,1,0
862,0x06004265,scenery,0.2141,4.148,19.376,0,4,128,128,512,512,23.0,1,0
863,0x06004796,props,0.214,0.914,4.273,0,4,128,64,512,256,7.85,0,0
864,0x06004571,props,0.2131,1.115,5.232,4,4,128,64,512,256,4.15,0,0
865,0x060047BA,props,0.2128,1.138,5.349,4,4,128,64,512,256,4.47,0,0
866,0x06003D72,dungeons,0.2122,2.708,12.761,0,4,128,128,512,512,27.03,1,0
867,0x060038F2,dungeons,0.212,1.904,8.979,0,4,128,128,512,512,44.03,1,0
868,0x06005CF2,creatures,0.2114,0.668,3.159,0,4,256,256,1024,1024,4.77,0,0
869,0x06003E52,dungeons,0.2108,1.456,6.91,0,4,128,128,512,512,46.9,0,0
870,0x060066E7,creatures,0.2102,1.348,6.413,0,4,128,128,512,512,79.37,0,0
871,0x06003FFC,creatures,0.2088,0.724,3.465,12,4,32,128,128,512,-4.07,0,0
872,0x060037FE,props,0.2086,1.099,5.269,12,4,128,128,512,512,0.82,0,0
873,0x06004709,scenery,0.2084,1.256,6.027,1,4,128,128,512,512,37.29,0,0
874,0x06006027,props,0.2083,1.613,7.743,0,4,128,128,512,512,29.35,1,0
875,0x06006BC2,creatures,0.2081,3.315,15.93,0,4,512,512,2048,2048,12.82,1,0
876,0x0600689E,dungeons,0.2077,1.647,7.927,12,4,512,512,2048,2048,0.44,1,0
877,0x06003EAC,dungeons,0.2075,1.148,5.533,0,4,128,128,512,512,32.44,0,0
878,0x06003881,scenery,0.207,3.255,15.725,0,4,256,256,1024,1024,17.47,1,0
879,0x06007504,scenery,0.2063,3.458,16.76,2,2,512,512,1024,1024,1.52,1,0
880,0x06006F67,creatures,0.2063,0.436,2.112,15,4,512,512,2048,2048,94.23,0,0
881,0x06005D48,creatures,0.2054,1.072,5.217,0,4,128,256,512,1024,59.4,0,0
882,0x060045B4,props,0.2052,2.973,14.485,8,4,64,128,256,512,-16.28,1,0
883,0x060038CA,doors,0.2046,2.177,10.639,4,4,32,32,128,128,12.88,1,0
884,0x060041F5,dungeons,0.2039,4.049,19.856,0,4,128,128,512,512,20.59,1,0
885,0x06005A27,props,0.2036,1.333,6.545,0,4,256,256,1024,1024,27.25,0,0
886,0x060039C3,dungeons,0.2023,1.595,7.884,0,4,128,256,512,1024,43.07,1,0
887,0x06003FC7,dungeons,0.2022,1.488,7.36,12,4,256,256,1024,1024,3.36,0,0
888,0x060047F3,props,0.2021,0.953,4.717,13,4,128,64,512,256,-1.83,0,0
889,0x06004016,scenery,0.2021,1.265,6.261,0,4,128,128,512,512,37.39,0,0
890,0x060038FE,doors,0.2007,0.436,2.17,0,4,128,128,512,512,45.18,0,0
891,0x06006CF3,props,0.2004,4.239,21.158,0,4,256,512,1024,2048,13.26,1,0
892,0x06006661,creatures,0.2001,0.542,2.709,8,4,128,128,512,512,22.07,0,0
893,0x06003D01,props,0.1998,3.053,15.278,0,4,128,128,512,512,0.2,0,0
894,0x060053F6,creatures,0.1996,2.563,12.841,1,4,128,128,512,512,12.85,0,0
895,0x060047FB,props,0.1995,0.874,4.381,4,4,128,64,512,256,6.77,0,0
896,0x060037B4,props,0.1995,0.635,3.182,4,4,128,128,512,512,-2.87,0,0
897,0x06005D6C,props,0.1994,2.095,10.506,0,4,128,256,512,1024,41.39,0,0
898,0x06003C8F,dungeons,0.1991,1.529,7.679,0,4,128,128,512,512,31.63,0,0
899,0x060065F3,scenery,0.1987,1.495,7.523,6,2,512,512,1024,1024,1.47,0,0
900,0x06003C75,props,0.1986,1.955,9.846,8,4,32,128,128,512,11.31,0,0
901,0x06003A7F,props,0.1984,2.259,11.387,0,4,128,64,512,256,28.77,0,0
902,0x06003DB4,dungeons,0.1979,2.378,12.016,0,4,128,128,512,512,14.78,0,0
903,0x060038A0,dungeons,0.1976,1.15,5.818,0,4,128,128,512,512,25.54,0,0
904,0x06003BD7,dungeons,0.1975,1.717,8.697,0,4,128,128,512,512,28.49,0,0
905,0x0600397F,doors,0.1974,1.443,7.311,0,4,128,128,512,512,33.27,0,0
906,0x0600439A,doors,0.197,0.653,3.314,8,4,64,128,256,512,20.61,0,0
907,0x06005426,creatures,0.197,2.494,12.659,8,4,32,128,128,512,1.82,0,0
908,0x0600403A,creatures,0.197,0.058,0.296,1,4,512,512,2048,2048,261.67,0,0
909,0x06003792,scenery,0.1963,1.4,7.131,12,4,64,64,256,256,0.38,0,0
910,0x06004579,props,0.1963,0.94,4.79,4,4,128,64,512,256,4.61,0,0
911,0x0600439E,props,0.196,0.172,0.877,0,4,64,128,256,512,42.49,0,0
912,0x06005F7B,creatures,0.1959,1.828,9.334,0,4,64,128,256,512,43.71,0,0
913,0x06004793,scenery,0.195,0.467,2.393,4,4,64,64,256,256,31.57,0,0
914,0x060065F0,creatures,0.195,3.198,16.403,9,4,256,256,1024,1024,1.41,0,0
915,0x060047D4,props,0.1945,0.94,4.832,4,4,128,64,512,256,-4.77,0,0
916,0x0600394A,scenery,0.194,0.384,1.982,0,4,64,64,256,256,1.84,0,0
917,0x060037F6,props,0.1937,0.653,3.371,12,4,128,128,512,512,9.35,0,0
918,0x06005422,creatures,0.1933,2.857,14.777,0,4,64,128,256,512,10.13,0,0
919,0x060072AB,scenery,0.1931,1.518,7.857,4,4,256,256,1024,1024,-0.46,0,0
920,0x060064F0,creatures,0.1931,1.373,7.108,8,4,128,256,512,1024,7.37,0,0
921,0x06003BC6,doors,0.193,0.521,2.698,4,4,64,128,256,512,7.1,0,0
922,0x060064DA,scenery,0.193,3.874,20.075,0,4,256,128,1024,512,4.5,0,0
923,0x06003F78,creatures,0.1926,1.028,5.339,8,4,64,64,256,256,1.2,0,0
924,0x060069E0,creatures,0.1924,0.608,3.159,0,4,256,256,1024,1024,20.15,0,0
925,0x06003951,dungeons,0.1921,0.582,3.029,1,4,128,128,512,512,43.39,0,0
926,0x06003B96,props,0.1919,1.043,5.436,0,4,64,64,256,256,49.07,0,0
927,0x060064D9,scenery,0.1915,3.575,18.668,8,4,256,256,1024,1024,2.51,0,0
928,0x06003F51,dungeons,0.1913,2.908,15.197,0,4,128,256,512,1024,25.6,0,0
929,0x0600404E,creatures,0.1913,4.403,23.018,12,4,128,128,512,512,-2.15,0,0
930,0x060037D3,scenery,0.1913,0.931,4.867,14,4,64,64,256,256,28.56,0,0
931,0x06004729,scenery,0.1906,1.824,9.572,0,4,128,128,512,512,26.66,0,0
932,0x06005A45,doors,0.1903,1.647,8.654,0,4,256,256,1024,1024,3.64,0,0
933,0x06003D84,doors,0.19,1.237,6.512,0,4,128,128,512,512,28.4,0,0
934,0x060052CB,props,0.1892,3.595,19.002,8,4,64,64,256,256,23.68,0,0
935,0x06004831,scenery,0.189,2.528,13.377,0,4,128,64,512,256,28.02,0,0
936,0x06004081,dungeons,0.1888,2.033,10.77,0,4,128,128,512,512,25.55,0,0
937,0x06006DF9,doors,0.1886,0.639,3.391,1,4,256,256,1024,1024,17.67,0,0
938,0x06003D17,dungeons,0.1884,0.542,2.876,0,4,256,256,1024,1024,41.61,0,0
939,0x06004184,scenery,0.1877,1.449,7.721,1,4,16,64,64,256,,0,0
940,0x060041D7,dungeons,0.1876,4.78,25.483,0,4,128,128,512,512,16.56,0,0
941,0x0600439B,creatures,0.1872,0.491,2.624,4,4,64,128,256,512,16.04,0,0
942,0x06003D8B,dungeons,0.1865,2.173,11.65,0,4,128,128,512,512,29.63,0,0
943,0x06005526,creatures,0.1863,0.594,3.186,8,4,128,128,512,512,3.69,0,0
944,0x06003D28,creatures,0.1862,1.963,10.546,8,4,128,128,512,512,1.06,0,0
945,0x06004111,dungeons,0.1859,2.825,15.193,0,4,128,128,512,512,27.0,0,0
946,0x06003C47,scenery,0.1852,5.689,30.719,8,4,128,128,512,512,-2.81,0,0
947,0x06003D38,scenery,0.1852,0.218,1.176,0,4,256,256,1024,1024,1.54,0,0
948,0x0600754C,scenery,0.1842,2.398,13.02,0,2,512,512,1024,1024,-0.61,0,0
949,0x060066E3,scenery,0.1831,2.755,15.044,9,4,128,256,512,1024,3.62,0,0
950,0x06005D67,props,0.1829,1.954,10.683,0,4,128,256,512,1024,37.07,0,0
951,0x060069E1,creatures,0.1824,0.548,3.004,0,4,256,256,1024,1024,24.23,0,0
952,0x06004821,dungeons,0.1816,1.66,9.14,4,4,256,256,1024,1024,4.4,0,0
953,0x06004394,props,0.1812,3.215,17.749,1,4,32,64,128,256,15.52,0,0
954,0x06005A4B,creatures,0.181,1.952,10.781,12,4,128,256,512,1024,-0.42,0,0
955,0x06005CF4,creatures,0.181,0.391,2.162,8,4,256,256,1024,1024,1.22,0,0
956,0x0600472D,props,0.1802,4.639,25.743,0,4,64,64,256,256,17.7,0,0
957,0x060037FC,scenery,0.1789,0.493,2.753,0,4,256,256,1024,1024,1.59,0,0
958,0x06003A8B,scenery,0.1781,3.571,20.049,0,4,32,64,128,256,13.74,0,0
959,0x06004556,props,0.1779,0.728,4.09,4,4,128,64,512,256,1.52,0,0
960,0x0600471D,props,0.1775,1.316,7.416,12,4,128,128,512,512,5.04,0,0
961,0x06006CF1,props,0.177,3.992,22.557,0,4,256,512,1024,2048,12.53,0,0
962,0x06006CF5,props,0.177,2.838,16.036,0,4,256,512,1024,2048,19.82,0,0
963,0x06003966,doors,0.177,0.611,3.455,4,4,64,64,256,256,-29.29,0,0
964,0x06006CD4,props,0.177,4.02,22.716,0,4,256,512,1024,2048,10.16,0,0
965,0x06005F21,scenery,0.1766,0.483,2.737,0,4,128,256,512,1024,55.97,0,0
966,0x060069F9,scenery,0.1765,3.326,18.841,0,4,256,256,1024,1024,12.04,0,0
967,0x0600397D,dungeons,0.1762,1.511,8.572,0,4,128,128,512,512,32.14,0,0
968,0x060042E5,dungeons,0.1757,0.954,5.431,13,4,256,512,1024,2048,26.63,0,0
969,0x06003D3A,scenery,0.1755,0.29,1.655,8,4,64,64,256,256,-22.97,0,0
970,0x060074D9,scenery,0.1755,0.321,1.831,2,2,512,512,1024,1024,-0.01,0,0
971,0x06003CBF,dungeons,0.1754,2.327,13.269,1,4,128,256,512,1024,20.13,0,0
972,0x0600416D,dungeons,0.1753,0.6,3.426,4,4,128,256,512,1024,2.79,0,0
973,0x0600474F,dungeons,0.1753,0.944,5.384,0,4,128,128,512,512,41.28,0,0
974,0x06003AED,dungeons,0.1751,0.892,5.093,0,4,128,128,512,512,40.83,0,0
975,0x06005DAD,props,0.1745,1.082,6.203,0,4,64,64,256,256,65.48,0,0
976,0x060047E6,props,0.1741,0.734,4.216,13,4,128,64,512,256,1.72,0,0
977,0x06003D78,dungeons,0.174,1.488,8.551,0,4,128,128,512,512,25.71,0,0
978,0x06003A6D,creatures,0.173,1.867,10.792,12,4,128,128,512,512,5.19,0,0
979,0x06003D19,dungeons,0.1726,1.136,6.583,0,4,128,256,512,1024,35.76,0,0
980,0x060064A5,dungeons,0.1724,0.418,2.427,13,4,128,256,512,1024,20.45,0,0
981,0x06005D6B,props,0.1724,1.744,10.117,0,4,128,256,512,1024,44.54,0,0
982,0x0600406D,creatures,0.1722,3.194,18.546,0,4,32,32,128,128,21.49,0,0
983,0x06003870,scenery,0.172,1.684,9.791,0,4,256,256,1024,1024,5.55,0,0
984,0x06005D64,props,0.172,2.253,13.101,0,4,128,256,512,1024,43.45,0,0
985,0x060066E5,scenery,0.1719,3.69,21.463,5,4,32,64,128,256,-7.9,0,0
986,0x06006C5D,props,0.1719,0.929,5.402,0,4,256,128,1024,512,19.66,0,0
987,0x06005D65,props,0.1715,2.109,12.3,0,4,128,256,512,1024,36.85,0,0
988,0x06006D5A,props,0.1711,0.866,5.064,0,4,256,128,1024,512,18.73,0,0
989,0x060050E2,doors,0.171,0.204,1.195,8,4,128,64,512,256,6.25,0,0
990,0x0600480D,creatures,0.1709,4.118,24.093,12,4,128,128,512,512,-0.48,0,0
991,0x06003A11,props,0.1704,1.753,10.287,0,4,32,32,128,128,8.56,0,0
992,0x060037FF,props,0.17,0.683,4.019,1,4,32,32,128,128,3.49,0,0
993,0x060043BB,doors,0.17,3.877,22.811,0,4,256,256,1024,1024,19.15,0,0
994,0x06006C43,props,0.1699,0.961,5.656,0,4,256,128,1024,512,14.62,0,0
995,0x06003D8D,props,0.1696,2.28,13.448,0,4,128,128,512,512,29.3,0,0
996,0x06006C4F,props,0.1695,0.897,5.296,0,4,256,128,1024,512,18.62,0,0
997,0x060069DE,creatures,0.1691,0.529,3.131,0,4,256,256,1024,1024,23.44,0,0
998,0x06006C65,props,0.1691,0.858,5.073,0,4,256,128,1024,512,15.25,0,0
999,0x06003810,props,0.1689,0.578,3.425,9,4,16,32,64,128,,0,0
1000,0x06004790,props,0.1687,0.743,4.403,4,4,128,64,512,256,4.28,0,0
1001,0x06006E27,creatures,0.1681,2.542,15.12,0,4,256,256,1024,1024,3.11,0,0
1002,0x060047F1,props,0.168,0.837,4.982,13,4,128,64,512,256,4.01,0,0
1003,0x060047F7,props,0.168,1.019,6.068,4,4,128,64,512,256,0.89,0,0
1004,0x06005522,creatures,0.1678,0.492,2.93,4,4,64,64,256,256,11.13,0,0
1005,0x0600432A,scenery,0.1677,5.772,34.417,4,4,64,64,256,256,2.29,0,0
1006,0x06003D85,doors,0.1675,0.737,4.403,0,4,128,128,512,512,16.55,0,0
1007,0x06005424,creatures,0.1672,1.445,8.638,4,4,128,128,512,512,3.49,0,0
1008,0x060065F1,scenery,0.1666,2.445,14.67,9,4,256,256,1024,1024,5.58,0,0
1009,0x06006CC2,props,0.1664,1.728,10.384,0,4,256,512,1024,2048,16.17,0,0
1010,0x06003E5C,props,0.1663,3.099,18.64,9,4,32,32,128,128,-1.34,0,0
1011,0x06003FAD,dungeons,0.166,2.642,15.915,0,4,256,256,1024,1024,18.23,0,0
1012,0x060041CC,scenery,0.166,4.278,25.781,4,4,128,128,512,512,2.85,0,0
1013,0x060054DA,props,0.1657,2.506,15.122,8,4,64,128,256,512,-1.1,0,0
1014,0x060052EA,props,0.1655,1.604,9.69,12,4,128,64,512,256,13.31,0,0
1015,0x06006C68,props,0.1651,0.897,5.433,0,4,256,128,1024,512,16.46,0,0
1016,0x06006D5D,props,0.1649,0.861,5.222,0,4,256,128,1024,512,12.0,0,0
1017,0x06003BDB,dungeons,0.1647,2.015,12.236,0,4,64,64,256,256,32.27,0,0
1018,0x06003BCF,props,0.1642,1.397,8.506,8,4,32,32,128,128,18.04,0,0
1019,0x06006CF0,props,0.1641,3.94,24.004,0,4,256,512,1024,2048,12.48,0,0
1020,0x06003A68,creatures,0.1638,4.242,25.893,0,4,128,128,512,512,20.72,0,0
1021,0x06006C5F,props,0.1634,0.825,5.051,0,4,256,128,1024,512,17.43,0,0
1022,0x06003C71,props,0.1629,2.0,12.276,4,4,128,128,512,512,-2.27,0,0
1023,0x06006CE6,props,0.1628,3.591,22.059,0,4,256,512,1024,2048,11.59,0,0
1024,0x06006E25,creatures,0.1626,2.331,14.336,0,4,256,256,1024,1024,1.81,0,0
1025,0x06006CF2,props,0.1622,3.392,20.909,0,4,256,512,1024,2048,13.76,0,0
1026,0x06003C3B,dungeons,0.162,2.704,16.692,0,4,128,128,512,512,27.59,0,0
1027,0x06004F9B,props,0.1616,0.733,4.534,8,4,128,128,512,512,7.5,0,0
1028,0x06003DC7,props,0.1614,3.822,23.675,0,4,64,64,256,256,2.46,0,0
1029,0x06003A64,props,0.1614,4.252,26.353,0,4,32,32,128,128,-6.6,0,0
1030,0x0600678B,props,0.1612,0.421,2.613,8,4,64,64,256,256,-3.59,0,0
1031,0x0600483D,scenery,0.1609,0.478,2.97,4,4,32,32,128,128,7.26,0,0
1032,0x06006C62,props,0.1608,0.823,5.12,0,4,256,128,1024,512,16.81,0,0
1033,0x06006CDD,props,0.1606,2.551,15.879,0,4,256,512,1024,2048,12.16,0,0
1034,0x06005CF3,creatures,0.1604,0.606,3.78,8,4,128,256,512,1024,10.33,0,0
1035,0x06005752,props,0.1601,0.493,3.077,4,4,256,256,1024,1024,-0.78,0,0
1036,0x06005753,props,0.1599,1.384,8.658,8,4,128,128,512,512,1.48,0,0
1037,0x06003EA4,dungeons,0.1598,0.933,5.836,0,4,128,128,512,512,40.8,0,0
1038,0x0600736C,scenery,0.159,2.413,15.177,0,4,256,256,1024,1024,14.79,0,0
1039,0x06004859,dungeons,0.1588,1.508,9.496,0,4,256,256,1024,1024,30.42,0,0
1040,0x06003F53,dungeons,0.1588,2.696,16.98,0,4,256,256,1024,1024,21.31,0,0
1041,0x060064EB,creatures,0.1586,2.066,13.022,9,4,128,128,512,512,3.93,0,0
1042,0x06007502,scenery,0.1584,2.981,18.823,2,2,512,512,1024,1024,0.36,0,0
1043,0x06006C5B,props,0.1579,0.835,5.291,0,4,256,128,1024,512,12.95,0,0
1044,0x06006A08,dungeons,0.1568,1.538,9.809,5,4,512,512,2048,2048,7.8,0,0
1045,0x06006C67,props,0.1568,0.799,5.097,0,4,256,128,1024,512,13.94,0,0
1046,0x06006C4D,props,0.1565,0.858,5.483,0,4,256,128,1024,512,18.76,0,0
1047,0x060046EF,props,0.1563,1.062,6.794,0,4,128,128,512,512,6.86,0,0
1048,0x060037B8,scenery,0.1559,2.579,16.54,0,4,64,128,256,512,-20.67,0,0
1049,0x06006D5F,props,0.1557,0.918,5.894,8,4,256,128,1024,512,11.84,0,0
1050,0x06006CEF,props,0.1552,3.249,20.933,0,4,256,512,1024,2048,10.78,0,0
1051,0x06003900,dungeons,0.1551,2.434,15.7,0,4,128,128,512,512,19.62,0,0
1052,0x060038DE,creatures,0.155,7.003,45.172,8,4,128,64,512,256,-0.41,0,0
1053,0x06005D4C,creatures,0.1546,0.87,5.631,0,4,128,256,512,1024,53.35,0,0
1054,0x06006C53,props,0.1545,0.746,4.825,12,4,256,128,1024,512,13.47,0,0
1055,0x060043E2,props,0.1543,2.643,17.127,4,4,128,128,512,512,-1.6,0,0
1056,0x06006664,creatures,0.1542,0.516,3.345,12,4,256,256,1024,1024,1.75,0,0
1057,0x0600642D,creatures,0.154,0.36,2.34,12,4,512,512,2048,2048,4.31,0,0
1058,0x06003D7E,props,0.154,1.66,10.779,12,4,128,128,512,512,5.29,0,0
1059,0x06003A09,props,0.1538,3.683,23.942,0,4,32,64,128,256,14.66,0,0
1060,0x06006D5B,props,0.1538,0.809,5.263,0,4,256,128,1024,512,13.43,0,0
1061,0x06004186,scenery,0.1532,1.29,8.42,1,4,16,64,64,256,,0,0
1062,0x06006CD0,props,0.1527,2.991,19.592,0,4,256,512,1024,2048,14.02,0,0
1063,0x06006F81,dungeons,0.1524,2.909,19.091,0,4,512,512,2048,2048,19.42,0,0
1064,0x06006F83,dungeons,0.1524,2.909,19.091,0,4,512,512,2048,2048,19.42,0,0
1065,0x06004133,props,0.1524,1.669,10.952,9,4,64,64,256,256,-8.27,0,0
1066,0x06006C61,props,0.1523,0.75,4.921,0,4,256,128,1024,512,14.51,0,0
1067,0x060051A7,doors,0.1523,3.735,24.521,12,4,64,64,256,256,7.06,0,0
1068,0x060037EF,creatures,0.1519,0.493,3.246,8,4,64,32,256,128,-4.72,0,0
1069,0x06003C31,props,0.1517,1.643,10.831,9,4,32,32,128,128,4.48,0,0
1070,0x06006C55,props,0.1517,0.757,4.993,4,4,256,128,1024,512,15.09,0,0
1071,0x060064A1,dungeons,0.1512,0.464,3.067,13,4,128,128,512,512,22.7,0,0
1072,0x0600556E,props,0.151,3.547,23.484,8,4,128,128,512,512,-1.59,0,0
1073,0x06005D12,creatures,0.1507,0.436,2.894,1,4,64,64,256,256,18.24,0,0
1074,0x06003D9B,dungeons,0.1504,1.586,10.545,1,4,128,128,512,512,29.49,0,0
1075,0x06004433,dungeons,0.1503,2.499,16.621,0,4,128,128,512,512,22.6,0,0
1076,0x06006A72,props,0.1502,0.389,2.593,0,4,512,512,2048,2048,3.56,0,0
1077,0x06004036,props,0.1499,3.534,23.576,0,4,128,128,512,512,21.57,0,0
1078,0x06006D59,props,0.1498,0.731,4.877,12,4,256,128,1024,512,14.31,0,0
1079,0x060074EC,props,0.1497,0.28,1.87,12,4,128,128,512,512,-5.37,0,0
1080,0x06006C4A,props,0.1496,0.737,4.926,8,4,256,128,1024,512,15.8,0,0
1081,0x06004806,creatures,0.1489,4.343,29.173,0,4,64,64,256,256,2.3,0,0
1082,0x06003B09,dungeons,0.1489,1.932,12.979,0,4,128,128,512,512,22.17,0,0
1083,0x06003F32,creatures,0.1488,1.155,7.767,1,4,64,64,256,256,50.16,0,0
1084,0x06003CFB,creatures,0.1481,0.766,5.169,12,4,128,128,512,512,0.48,0,0
1085,0x06005E11,props,0.1477,1.04,7.039,0,4,128,128,512,512,51.16,0,0
1086,0x06006C49,props,0.1473,0.793,5.385,0,4,256,128,1024,512,16.36,0,0
1087,0x0600410F,dungeons,0.1466,1.91,13.029,1,4,128,128,512,512,27.22,0,0
1088,0x06003D7D,props,0.1461,1.706,11.676,8,4,64,64,256,256,14.01,0,0
1089,0x06006C50,props,0.1461,0.757,5.186,0,4,256,128,1024,512,18.04,0,0
1090,0x0600416B,dungeons,0.1456,0.432,2.966,4,4,128,256,512,1024,5.1,0,0
1091,0x0600423E,dungeons,0.1454,0.846,5.815,0,4,128,32,512,128,29.58,0,0
1092,0x06003845,scenery,0.1452,0.493,3.393,12,4,128,128,512,512,20.98,0,0
1093,0x06003BCD,scenery,0.1449,2.807,19.369,13,4,64,128,256,512,1.23,0,0
1094,0x060050A9,props,0.1448,2.131,14.72,4,4,128,128,512,512,9.21,0,0
1095,0x06005514,creatures,0.1446,2.277,15.743,4,4,128,128,512,512,-13.7,0,0
1096,0x0600385B,scenery,0.1445,1.791,12.395,12,4,64,128,256,512,-0.16,0,0
1097,0x06006844,dungeons,0.1444,1.607,11.128,1,4,512,512,2048,2048,0.05,0,0
1098,0x0600704E,creatures,0.1443,1.257,8.711,0,4,512,512,2048,2048,12.67,0,0
1099,0x06005291,creatures,0.1443,1.576,10.921,0,4,128,128,512,512,4.93,0,0
1100,0x06006C59,props,0.1441,0.734,5.095,0,4,256,128,1024,512,13.36,0,0
1101,0x06007471,props,0.1435,0.302,2.103,0,4,256,256,1024,1024,5.28,0,0
1102,0x060040BC,dungeons,0.1432,2.066,14.425,1,4,128,128,512,512,21.88,0,0
1103,0x06006D5C,props,0.1431,0.772,5.394,0,4,256,128,1024,512,12.91,0,0
1104,0x06006431,creatures,0.143,0.399,2.787,12,4,512,512,2048,2048,8.84,0,0
1105,0x060065F2,creatures,0.1426,1.638,11.488,9,4,256,256,1024,1024,1.84,0,0
1106,0x06005E13,props,0.1425,1.482,10.403,0,4,128,128,512,512,57.96,0,0
1107,0x06006C41,props,0.1423,0.742,5.21,0,4,256,128,1024,512,14.14,0,0
1108,0x060038AA,doors,0.1422,3.511,24.697,4,4,64,64,256,256,2.6,0,0
1109,0x06006C57,props,0.1416,0.703,4.967,0,4,256,128,1024,512,11.07,0,0
1110,0x06006C56,props,0.1414,0.698,4.936,0,4,256,128,1024,512,18.17,0,0
1111,0x06003BD3,dungeons,0.1413,0.783,5.542,3,4,128,128,512,512,36.68,0,0
1112,0x060043B7,dungeons,0.1413,2.029,14.361,0,4,256,256,1024,1024,1.27,0,0
1113,0x06003E36,props,0.1412,4.215,29.848,4,4,128,64,512,256,2.07,0,0
1114,0x0600558B,props,0.1411,5.242,37.151,0,4,128,128,512,512,6.09,0,0
1115,0x06003EF7,props,0.1408,0.292,2.07,0,4,64,64,256,256,12.82,0,0
1116,0x0600429F,dungeons,0.1401,0.309,2.208,0,4,128,128,512,512,23.93,0,0
1117,0x06005337,scenery,0.1401,1.257,8.975,8,4,128,256,512,1024,15.02,0,0
1118,0x06006C46,props,0.1397,0.763,5.465,0,4,256,128,1024,512,14.32,0,0
1119,0x06006C5A,props,0.1396,0.739,5.293,0,4,256,128,1024,512,14.45,0,0
1120,0x06005525,creatures,0.1395,0.581,4.167,8,4,128,128,512,512,4.17,0,0
1121,0x060047BE,props,0.1394,0.6,4.303,4,4,128,64,512,256,2.45,0,0
1122,0x06006C5E,props,0.1393,0.722,5.186,12,4,256,128,1024,512,13.66,0,0
1123,0x06003A9E,props,0.1393,0.728,5.224,0,4,64,64,256,256,38.85,0,0
1124,0x060050AB,props,0.1389,1.927,13.875,4,4,128,128,512,512,6.32,0,0
1125,0x06005D91,props,0.1388,1.401,10.093,1,4,128,256,512,1024,36.03,0,0
1126,0x0600668A,creatures,0.1388,0.5,3.603,0,4,128,128,512,512,85.36,0,0
1127,0x06006CC6,props,0.1386,2.599,18.756,1,4,256,512,1024,2048,11.41,0,0
1128,0x06004798,dungeons,0.1375,1.168,8.494,0,4,64,64,256,256,29.0,0,0
1129,0x060037B3,scenery,0.1371,3.955,28.849,12,4,64,64,256,256,0.69,0,0
1130,0x06006C54,props,0.137,0.665,4.853,1,4,256,128,1024,512,14.55,0,0
1131,0x06006C63,props,0.1366,0.696,5.091,0,4,256,128,1024,512,13.91,0,0
1132,0x060037C9,scenery,0.1364,4.979,36.507,4,4,128,128,512,512,4.47,0,0
1133,0x06006E23,creatures,0.1364,1.801,13.209,12,4,256,256,1024,1024,3.46,0,0
1134,0x06005635,doors,0.1364,2.855,20.938,4,4,128,128,512,512,-2.08,0,0
1135,0x06006C4E,props,0.1363,0.752,5.517,0,4,256,128,1024,512,15.77,0,0
1136,0x0600490F,dungeons,0.1361,1.335,9.814,4,4,256,128,1024,512,-1.63,0,0
1137,0x06003E34,creatures,0.1351,3.791,28.063,8,4,128,128,512,512,0.47,0,0
1138,0x0600401A,scenery,0.1348,4.258,31.578,8,4,16,64,64,256,,0,0
1139,0x06004083,dungeons,0.1342,1.719,12.806,1,4,128,256,512,1024,26.49,0,0
1140,0x060048D8,creatures,0.1338,1.286,9.61,0,4,128,128,512,512,3.63,0,0
1141,0x06005A37,props,0.1333,2.985,22.387,0,4,128,128,512,512,28.5,0,0
1142,0x06005512,creatures,0.1332,2.198,16.502,12,4,128,128,512,512,-8.5,0,0
1143,0x0600429E,dungeons,0.133,0.752,5.656,8,4,128,128,512,512,-0.47,0,0
1144,0x0600392B,scenery,0.1327,2.141,16.14,4,4,64,64,256,256,-4.2,0,0
1145,0x060043EB,scenery,0.1324,2.566,19.372,8,4,128,128,512,512,1.1,0,0
1146,0x06006C4B,props,0.1323,0.68,5.139,0,4,256,128,1024,512,18.69,0,0
1147,0x06006992,scenery,0.1313,1.174,8.937,0,2,256,512,512,1024,14.66,0,0
1148,0x06006787,scenery,0.1312,0.124,0.945,12,4,128,128,512,512,12.37,0,0
1149,0x060046E8,props,0.131,0.999,7.629,13,4,64,64,256,256,1.22,0,0
1150,0x06006811,dungeons,0.1309,1.136,8.677,0,4,512,512,2048,2048,3.51,0,0
1151,0x0600736D,scenery,0.1309,2.578,19.691,0,4,256,256,1024,1024,14.4,0,0
1152,0x06006D63,props,0.1297,0.648,4.994,12,4,256,128,1024,512,13.11,0,0
1153,0x06006842,dungeons,0.129,0.827,6.41,12,4,512,256,2048,1024,4.27,0,0
1154,0x0600477A,props,0.129,0.598,4.635,4,4,128,64,512,256,6.62,0,0
1155,0x06006A07,doors,0.1288,0.314,2.436,1,4,512,512,2048,2048,19.42,0,0
1156,0x06006C66,props,0.1286,0.684,5.319,0,4,256,128,1024,512,13.34,0,0
1157,0x06006C4C,props,0.1285,0.64,4.98,8,4,256,128,1024,512,16.75,0,0
1158,0x06006C6A,props,0.1284,0.685,5.337,0,4,256,128,1024,512,17.52,0,0
1159,0x06006C58,props,0.1279,0.668,5.22,0,4,256,128,1024,512,16.55,0,0
1160,0x06005D0D,creatures,0.1278,0.44,3.443,1,4,64,64,256,256,14.36,0,0
1161,0x06006C69,props,0.1278,0.649,5.078,0,4,256,128,1024,512,16.15,0,0
1162,0x060037C7,scenery,0.1274,5.134,40.309,12,4,128,128,512,512,1.02,0,0
1163,0x060047EA,props,0.1272,0.639,5.025,4,4,128,64,512,256,-4.38,0,0
1164,0x06006A53,doors,0.1269,0.434,3.417,5,4,512,512,2048,2048,12.93,0,0
1165,0x0600579A,props,0.1266,2.571,20.309,8,4,128,128,512,512,-1.76,0,0
1166,0x06004772,creatures,0.1256,1.295,10.311,5,4,128,128,512,512,6.96,0,0
1167,0x06005527,creatures,0.1252,0.348,2.781,4,4,128,128,512,512,7.75,0,0
1168,0x06004FF7,props,0.1246,0.987,7.923,0,4,128,128,512,512,25.48,0,0
1169,0x06006BB4,creatures,0.1245,1.944,15.616,0,4,512,512,2048,2048,1.29,0,0
1170,0x0600408E,scenery,0.1243,0.42,3.378,4,4,128,128,512,512,65.45,0,0
1171,0x06006CD6,props,0.1242,2.983,24.03,0,4,256,512,1024,2048,12.69,0,0
1172,0x06004804,props,0.1241,2.734,22.035,0,4,64,64,256,256,3.07,0,0
1173,0x06006CC0,props,0.1239,3.345,26.991,0,4,256,512,1024,2048,9.91,0,0
1174,0x06006CE9,props,0.1238,2.716,21.933,0,4,256,512,1024,2048,10.18,0,0
1175,0x06003800,props,0.1237,0.465,3.756,1,4,32,32,128,128,2.39,0,0
1176,0x0600422F,dungeons,0.1236,1.415,11.45,4,4,128,128,512,512,1.41,0,0
1177,0x0600662B,scenery,0.1235,0.357,2.888,8,4,256,256,1024,1024,-1.89,0,0
1178,0x06006D5E,props,0.1232,0.629,5.103,0,4,256,128,1024,512,18.35,0,0
1179,0x06004320,scenery,0.123,3.49,28.361,8,4,128,128,512,512,0.92,0,0
1180,0x06006F7E,dungeons,0.1229,2.008,16.344,0,4,512,256,2048,1024,24.75,0,0
1181,0x06005792,props,0.1227,2.996,24.422,8,4,128,128,512,512,0.44,0,0
1182,0x06003ADF,scenery,0.1226,2.663,21.729,12,4,64,64,256,256,-12.46,0,0
1183,0x06006CE1,props,0.1222,2.809,22.978,0,4,256,512,1024,2048,9.92,0,0
1184,0x06005796,props,0.1221,3.046,24.945,8,4,128,128,512,512,0.18,0,0
1185,0x06006C47,props,0.1217,0.648,5.328,0,4,256,128,1024,512,17.78,0,0
1186,0x06003B69,creatures,0.1216,2.691,22.133,12,4,128,128,512,512,3.39,0,0
1187,0x06006D67,props,0.1215,0.665,5.476,1,4,256,128,1024,512,12.25,0,0
1188,0x0600424E,dungeons,0.1208,1.104,9.137,4,4,128,128,512,512,2.53,0,0
1189,0x0600578C,props,0.1208,3.0,24.839,0,4,128,128,512,512,-1.49,0,0
1190,0x0600504A,props,0.1204,1.5,12.458,0,4,32,32,128,128,49.78,0,0
1191,0x06003E2E,creatures,0.1202,3.368,28.009,12,4,32,128,128,512,-0.22,0,0
1192,0x060048DF,props,0.1198,3.135,26.168,12,4,128,128,512,512,-2.63,0,0
1193,0x06006C5C,props,0.1195,0.657,5.497,0,4,256,128,1024,512,17.88,0,0
1194,0x060038C1,doors,0.1195,1.673,14.004,15,4,32,64,128,256,-5.62,0,0
1195,0x060067DF,creatures,0.1194,0.208,1.738,4,4,256,512,1024,2048,4.13,0,0
1196,0x06005E16,props,0.1193,1.055,8.845,0,4,128,128,512,512,52.71,0,0
1197,0x06003D4D,scenery,0.1192,1.393,11.682,0,4,128,128,512,512,2.75,0,0
1198,0x0600465E,props,0.1192,0.678,5.686,8,4,128,128,512,512,-4.3,0,0
1199,0x06003943,dungeons,0.1191,0.713,5.99,0,4,128,128,512,512,23.4,0,0
1200,0x06005768,props,0.119,1.865,15.672,8,4,128,128,512,512,0.74,0,0
1201,0x06006843,dungeons,0.119,1.339,11.252,0,4,512,256,2048,1024,3.61,0,0
1202,0x06006CF4,props,0.1184,2.536,21.425,0,4,256,512,1024,2048,11.26,0,0
1203,0x060040CF,scenery,0.1182,0.804,6.803,13,4,128,256,512,1024,-4.65,0,0
1204,0x06003C5C,props,0.1181,3.301,27.954,8,4,128,128,512,512,1.9,0,0
1205,0x0600533A,doors,0.1178,0.574,4.877,1,4,32,32,128,128,8.35,0,0
1206,0x060050F0,props,0.1175,2.293,19.508,12,4,32,64,128,256,5.0,0,0
1207,0x06006CE0,props,0.1175,2.397,20.409,1,4,256,512,1024,2048,12.85,0,0
1208,0x0600432E,dungeons,0.1172,0.403,3.439,13,4,512,256,2048,1024,22.58,0,0
1209,0x0600541A,creatures,0.1171,3.697,31.58,4,4,64,128,256,512,-0.66,0,0
1210,0x06003F99,props,0.1169,2.209,18.893,8,4,128,128,512,512,5.17,0,0
1211,0x06006CE5,props,0.1168,2.766,23.684,0,4,256,512,1024,2048,11.67,0,0
1212,0x06006CFA,props,0.1167,2.499,21.412,0,4,256,512,1024,2048,12.33,0,0
1213,0x060050EC,props,0.1167,2.275,19.496,12,4,32,64,128,256,11.87,0,0
1214,0x06004754,scenery,0.1162,0.069,0.59,9,4,128,128,512,512,4.72,0,0
1215,0x0600551D,creatures,0.116,0.826,7.12,8,4,128,128,512,512,4.13,0,0
1216,0x06006C60,props,0.1159,0.643,5.55,0,4,256,128,1024,512,17.92,0,0
1217,0x06005589,props,0.1157,4.831,41.765,8,4,128,64,512,256,-0.21,0,0
1218,0x06006CCC,props,0.1154,2.441,21.152,0,4,256,512,1024,2048,11.84,0,0
1219,0x06006D65,props,0.1151,0.591,5.135,8,4,256,128,1024,512,12.31,0,0
1220,0x06003AE1,props,0.1147,1.451,12.646,12,4,32,32,128,128,0.08,0,0
1221,0x0600550D,props,0.1144,1.925,16.825,1,4,64,64,256,256,8.27,0,0
1222,0x06006BD6,scenery,0.1141,3.736,32.752,0,2,512,512,1024,1024,9.14,0,0
1223,0x060038A2,dungeons,0.114,1.122,9.839,0,4,128,128,512,512,21.59,0,0
1224,0x0600515F,props,0.1139,3.17,27.828,8,4,64,64,256,256,9.44,0,0
1225,0x06006C44,props,0.1139,0.618,5.428,0,4,256,128,1024,512,16.26,0,0
1226,0x06005794,props,0.1139,2.848,25.018,12,4,128,128,512,512,0.54,0,0
1227,0x06005516,creatures,0.1136,2.133,18.775,12,4,128,128,512,512,-7.47,0,0
1228,0x060065D9,props,0.1136,1.229,10.821,9,4,256,256,1024,1024,-0.4,0,0
1229,0x0600574F,props,0.1134,0.352,3.105,0,4,128,128,512,512,4.97,0,0
1230,0x06006CCB,props,0.1133,2.198,19.405,0,4,256,512,1024,2048,13.16,0,0
1231,0x06006D66,props,0.1131,2.342,20.704,13,4,256,512,1024,2048,8.67,0,0
1232,0x06006F84,dungeons,0.1128,1.842,16.332,0,4,512,512,2048,2048,23.92,0,0
1233,0x06006F85,dungeons,0.1128,1.842,16.332,0,4,512,512,2048,2048,23.92,0,0
1234,0x06003E0E,props,0.1128,0.411,3.645,12,4,128,128,512,512,-2.49,0,0
1235,0x06006CD8,props,0.1124,2.516,22.381,0,4,256,512,1024,2048,10.56,0,0
1236,0x06005790,props,0.1124,2.798,24.893,12,4,128,128,512,512,0.16,0,0
1237,0x0600380F,scenery,0.1122,0.347,3.095,8,4,128,256,512,1024,-6.62,0,0
1238,0x06003D83,doors,0.1118,0.468,4.18,4,4,128,128,512,512,-1.81,0,0
1239,0x06005510,creatures,0.1117,2.367,21.192,4,4,128,128,512,512,-8.62,0,0
1240,0x060048D0,scenery,0.1114,0.285,2.564,4,4,128,256,512,1024,3.36,0,0
1241,0x06006839,creatures,0.111,0.16,1.444,4,4,256,256,1024,1024,4.02,0,0
1242,0x06006C45,props,0.1108,0.567,5.117,0,4,256,128,1024,512,13.81,0,0
1243,0x060037B7,scenery,0.1108,1.157,10.446,12,4,128,128,512,512,0.11,0,0
1244,0x06005E15,props,0.1107,0.993,8.963,0,4,128,128,512,512,51.19,0,0
1245,0x06004169,dungeons,0.1106,0.313,2.83,1,4,256,256,1024,1024,2.26,0,0
1246,0x06007373,doors,0.1104,0.608,5.503,0,4,256,256,1024,1024,36.17,0,0
1247,0x06003E8E,props,0.1103,3.046,27.626,0,4,32,32,128,128,5.88,0,0
1248,0x06003846,scenery,0.1099,0.482,4.381,8,4,128,128,512,512,0.1,0,0
1249,0x06006CD9,props,0.1099,2.535,23.064,0,4,256,512,1024,2048,10.79,0,0
1250,0x0600429B,props,0.1086,1.588,14.624,0,4,64,32,256,128,13.0,0,0
1251,0x060064A3,dungeons,0.1083,0.343,3.169,1,4,128,128,512,512,51.89,0,0
1252,0x06006CDC,props,0.1078,2.264,20.997,0,4,256,512,1024,2048,11.96,0,0
1253,0x06005D0E,creatures,0.1076,0.47,4.366,1,4,64,64,256,256,13.4,0,0
1254,0x06003C49,props,0.1061,2.282,21.505,12,4,128,128,512,512,-0.37,0,0
1255,0x06003C58,props,0.106,2.662,25.122,8,4,128,128,512,512,5.43,0,0
1256,0x0600459E,props,0.1056,2.229,21.115,0,4,32,32,128,128,13.78,0,0
1257,0x0600531A,props,0.1053,1.284,12.195,8,4,64,64,256,256,7.4,0,0
1258,0x06003FFA,creatures,0.1048,0.375,3.58,8,4,64,128,256,512,10.98,0,0
1259,0x06003D79,creatures,0.1045,0.135,1.288,8,4,128,256,512,1024,-3.76,0,0
1260,0x06005A4C,creatures,0.1043,1.368,13.118,8,4,256,128,1024,512,0.51,0,0
1261,0x0600505E,props,0.1041,2.73,26.216,0,4,128,128,512,512,8.15,0,0
1262,0x06006CE3,props,0.104,2.128,20.466,1,4,256,512,1024,2048,10.78,0,0
1263,0x06006CC5,props,0.1038,2.263,21.801,0,4,256,512,1024,2048,14.56,0,0
1264,0x06006CC8,props,0.1037,2.264,21.829,0,4,256,512,1024,2048,12.72,0,0
1265,0x06006CD3,props,0.1034,2.267,21.916,13,4,256,512,1024,2048,11.42,0,0
1266,0x06006CCF,props,0.1031,1.945,18.858,1,4,256,512,1024,2048,13.99,0,0
1267,0x06006CDB,props,0.1028,2.189,21.3,0,4,256,512,1024,2048,12.85,0,0
1268,0x06006F7F,dungeons,0.1022,1.71,16.734,0,4,512,256,2048,1024,23.58,0,0
1269,0x06006BB7,creatures,0.1018,1.855,18.216,0,4,512,512,2048,2048,1.48,0,0
1270,0x0600754D,scenery,0.1016,1.306,12.851,0,2,512,512,1024,1024,0.14,0,0
1271,0x0600578E,props,0.1011,2.783,27.533,12,4,128,128,512,512,-4.14,0,0
1272,0x06003D70,dungeons,0.1009,1.776,17.595,1,4,128,128,512,512,20.03,0,0
1273,0x06006CDA,props,0.1007,1.969,19.554,1,4,256,512,1024,2048,9.88,0,0
1274,0x06005523,creatures,0.0996,0.448,4.498,0,4,128,256,512,1024,1.26,0,0
1275,0x06003CFD,creatures,0.0989,1.421,14.374,13,4,128,128,512,512,5.67,0,0
1276,0x06006F4D,creatures,0.0988,0.419,4.241,1,4,256,256,1024,1024,21.6,0,0
1277,0x0600384A,scenery,0.0986,0.438,4.445,0,4,128,128,512,512,0.98,0,0
1278,0x0600649F,dungeons,0.0984,0.425,4.315,8,4,128,128,512,512,11.31,0,0
1279,0x06003D4E,creatures,0.0981,1.772,18.061,8,4,256,256,1024,1024,0.5,0,0
1280,0x06005060,props,0.0974,1.934,19.859,8,4,128,128,512,512,7.27,0,0
1281,0x060042A0,dungeons,0.0971,1.29,13.282,4,4,128,128,512,512,4.75,0,0
1282,0x06006CF9,props,0.0971,1.833,18.879,1,4,256,512,1024,2048,14.75,0,0
1283,0x06004660,props,0.0971,2.512,25.877,0,4,128,128,512,512,7.86,0,0
1284,0x060067DE,creatures,0.0966,0.701,7.26,4,4,256,512,1024,2048,6.8,0,0
1285,0x06006C52,props,0.0966,0.485,5.017,0,4,256,128,1024,512,15.36,0,0
1286,0x06006A11,creatures,0.0964,0.379,3.934,8,4,512,512,2048,2048,3.08,0,0
1287,0x06006CC1,props,0.096,2.068,21.548,1,4,256,512,1024,2048,10.05,0,0
1288,0x0600459A,props,0.096,1.924,20.047,8,4,128,128,512,512,0.78,0,0
1289,0x06005798,props,0.0958,2.476,25.852,0,4,128,128,512,512,-0.52,0,0
1290,0x06003F55,dungeons,0.0954,1.503,15.75,0,4,256,256,1024,1024,13.35,0,0
1291,0x0600541E,doors,0.0953,0.9,9.44,13,4,32,128,128,512,8.25,0,0
1292,0x06005769,props,0.0952,0.852,8.952,9,4,128,64,512,256,-4.71,0,0
1293,0x06003878,scenery,0.0952,1.027,10.794,1,4,128,256,512,1024,0.21,0,0
1294,0x06006CE8,props,0.0941,1.999,21.243,1,4,256,512,1024,2048,11.66,0,0
1295,0x06006CDF,props,0.094,2.398,25.507,0,4,256,512,1024,2048,10.37,0,0
1296,0x06005420,doors,0.0939,0.759,8.092,4,4,128,32,512,128,9.34,0,0
1297,0x06006A9D,scenery,0.0938,1.062,11.326,12,4,256,256,1024,1024,7.51,0,0
1298,0x06007376,dungeons,0.0933,0.267,2.866,0,4,256,256,1024,1024,5.85,0,0
1299,0x06005F1D,scenery,0.0931,0.25,2.688,1,4,256,128,1024,512,91.48,0,0
1300,0x06006CD5,props,0.0931,2.046,21.99,0,4,256,512,1024,2048,10.37,0,0
1301,0x06003DC5,props,0.0928,3.296,35.509,12,4,128,64,512,256,1.78,0,0
1302,0x06003DC1,props,0.0927,2.327,25.112,9,4,128,128,512,512,1.55,0,0
1303,0x060047DE,props,0.0926,2.671,28.844,0,4,64,128,256,512,8.63,0,0
1304,0x06004FFE,props,0.0922,1.055,11.437,0,4,128,128,512,512,6.51,0,0
1305,0x06003ABE,props,0.0919,1.222,13.297,8,4,32,32,128,128,47.38,0,0
1306,0x0600480E,dungeons,0.0918,0.561,6.109,8,4,256,256,1024,1024,8.05,0,0
1307,0x06004039,creatures,0.0911,0.173,1.898,1,4,128,128,512,512,102.86,0,0
1308,0x06007378,scenery,0.0911,0.301,3.308,0,4,256,256,1024,1024,7.18,0,0
1309,0x06006D64,props,0.0907,0.494,5.44,0,4,256,128,1024,512,15.99,0,0
1310,0x06005572,props,0.0906,1.668,18.417,9,4,64,16,256,64,,0,0
1311,0x0600380D,scenery,0.09,0.397,4.417,12,4,128,64,512,256,-3.63,0,0
1312,0x06006A0F,props,0.0898,0.32,3.564,8,4,512,512,2048,2048,3.25,0,0
1313,0x06005524,creatures,0.0893,0.352,3.942,8,4,128,256,512,1024,1.25,0,0
1314,0x06004165,dungeons,0.0886,0.23,2.593,1,4,256,256,1024,1024,1.66,0,0
1315,0x06006CCD,props,0.0882,1.718,19.488,1,4,256,512,1024,2048,13.31,0,0
1316,0x06006CED,props,0.0881,1.984,22.531,1,4,256,512,1024,2048,10.21,0,0
1317,0x0600649D,dungeons,0.088,0.194,2.203,5,4,128,128,512,512,9.93,0,0
1318,0x06007379,scenery,0.0874,0.275,3.149,0,4,256,256,1024,1024,6.59,0,0
1319,0x06006A10,props,0.0869,0.291,3.349,8,4,512,512,2048,2048,3.15,0,0
1320,0x06006CF7,props,0.0865,1.466,16.961,1,4,256,512,1024,2048,9.51,0,0
1321,0x06004166,dungeons,0.0864,0.114,1.314,8,4,256,256,1024,1024,3.87,0,0
1322,0x060064A7,dungeons,0.0862,0.235,2.725,1,4,128,128,512,512,42.31,0,0
1323,0x060069D6,creatures,0.0857,2.468,28.799,13,4,64,128,256,512,-3.66,0,0
1324,0x06006054,dungeons,0.085,0.115,1.352,8,4,256,256,1024,1024,4.53,0,0
1325,0x06003B67,creatures,0.085,1.75,20.592,13,4,128,128,512,512,2.51,0,0
1326,0x06007375,dungeons,0.0847,0.217,2.558,0,4,256,256,1024,1024,6.13,0,0
1327,0x06004883,scenery,0.0845,1.042,12.334,0,4,128,256,512,1024,41.83,0,0
1328,0x06006055,dungeons,0.0844,0.107,1.266,8,4,256,256,1024,1024,8.55,0,0
1329,0x06004810,dungeons,0.0843,0.338,4.011,8,4,256,256,1024,1024,12.76,0,0
1330,0x06003F70,creatures,0.0842,0.629,7.468,0,4,128,128,512,512,20.39,0,0
1331,0x06006CCA,props,0.084,1.618,19.264,1,4,256,512,1024,2048,14.56,0,0
1332,0x06006C42,props,0.0836,0.409,4.896,1,4,256,128,1024,512,15.56,0,0
1333,0x06003CF9,creatures,0.0832,0.545,6.553,5,4,128,128,512,512,-7.86,0,0
1334,0x06003DA3,dungeons,0.0832,1.326,15.945,1,4,128,128,512,512,19.48,0,0
1335,0x06004656,props,0.0831,2.731,32.848,12,4,128,128,512,512,0.35,0,0
1336,0x06003F77,scenery,0.0831,1.766,21.254,8,4,32,128,128,512,-0.88,0,0
1337,0x06006C51,props,0.0828,0.411,4.962,8,4,256,128,1024,512,15.03,0,0
1338,0x060051FB,doors,0.0828,1.924,23.249,0,4,128,128,512,512,0.35,0,0
1339,0x06006982,scenery,0.0826,0.273,3.306,8,4,128,128,512,512,-0.28,0,0
1340,0x06005D58,scenery,0.0816,1.075,13.169,1,4,256,128,1024,512,63.27,0,0
1341,0x06006CEC,props,0.0815,1.706,20.925,1,4,256,512,1024,2048,12.04,0,0
1342,0x06006CD7,props,0.0814,1.467,18.024,1,4,256,512,1024,2048,13.31,0,0
1343,0x06006C48,props,0.0812,0.446,5.49,4,4,256,128,1024,512,10.1,0,0
1344,0x06003886,creatures,0.081,0.069,0.858,8,4,256,256,1024,1024,0.64,0,0
1345,0x0600541C,creatures,0.0806,1.015,12.598,13,4,128,128,512,512,-0.84,0,0
1346,0x06005F3B,props,0.0801,0.199,2.488,12,4,128,128,512,512,29.68,0,0
1347,0x060040D1,scenery,0.0801,0.795,9.921,8,4,32,128,128,512,3.47,0,0
1348,0x06006A9A,creatures,0.0798,0.568,7.112,8,4,128,128,512,512,-2.82,0,0
1349,0x060048BB,props,0.0795,0.181,2.28,12,4,64,64,256,256,69.82,0,0
1350,0x060054EE,props,0.0795,3.545,44.609,4,4,128,128,512,512,-0.62,0,0
1351,0x060064CC,props,0.0794,0.135,1.703,15,4,128,128,512,512,22.75,0,0
1352,0x0600378E,scenery,0.0788,0.79,10.02,12,4,128,128,512,512,8.11,0,0
1353,0x0600551E,creatures,0.0787,0.605,7.681,9,4,128,128,512,512,5.0,0,0
1354,0x0600487F,dungeons,0.0787,0.719,9.135,1,4,128,128,512,512,27.66,0,0
1355,0x06007374,dungeons,0.0771,0.221,2.871,8,4,256,256,1024,1024,9.7,0,0
1356,0x06003D3E,props,0.0769,0.241,3.134,12,4,32,32,128,128,66.83,0,0
1357,0x06005ADC,props,0.0769,0.451,5.861,12,4,256,256,1024,1024,9.2,0,0
1358,0x0600656D,creatures,0.0769,0.161,2.092,8,4,128,128,512,512,3.22,0,0
1359,0x06003F96,props,0.0768,0.724,9.428,8,4,64,64,256,256,44.64,0,0
1360,0x06006CEB,props,0.0766,1.574,20.533,13,4,256,512,1024,2048,11.2,0,0
1361,0x06006CF8,props,0.0765,1.248,16.327,1,4,256,512,1024,2048,13.83,0,0
1362,0x06003B38,props,0.0764,1.347,17.62,9,4,64,128,256,512,4.1,0,0
1363,0x06006C77,props,0.0763,1.707,22.371,13,4,256,512,1024,2048,9.95,0,0
1364,0x0600401C,dungeons,0.0763,0.863,11.306,4,4,64,128,256,512,18.73,0,0
1365,0x06003C52,doors,0.0755,2.05,27.153,12,4,128,128,512,512,7.36,0,0
1366,0x06004167,dungeons,0.0752,0.097,1.291,8,4,256,256,1024,1024,6.58,0,0
1367,0x06006CC9,props,0.075,1.455,19.4,13,4,256,512,1024,2048,10.89,0,0
1368,0x0600492C,scenery,0.075,1.884,25.14,8,4,16,32,64,128,,0,0
1369,0x06006CC4,props,0.0749,1.573,21.002,1,4,256,512,1024,2048,11.71,0,0
1370,0x06003AA2,props,0.0741,0.716,9.667,8,4,32,32,128,128,11.28,0,0
1371,0x06003887,creatures,0.0739,0.29,3.93,0,4,256,256,1024,1024,0.67,0,0
1372,0x06006CC3,props,0.0736,1.408,19.129,13,4,256,512,1024,2048,9.88,0,0
1373,0x06003B94,props,0.0735,0.525,7.14,9,4,64,64,256,256,53.02,0,0
1374,0x06005521,creatures,0.0731,0.385,5.259,12,4,64,64,256,256,-4.98,0,0
1375,0x06006CF6,props,0.0731,0.945,12.938,1,4,256,512,1024,2048,16.94,0,0
1376,0x06003AE3,scenery,0.0727,2.563,35.242,4,4,128,128,512,512,-1.06,0,0
1377,0x06006CDE,props,0.0727,1.581,21.748,13,4,256,512,1024,2048,11.49,0,0
1378,0x0600506F,props,0.0724,0.983,13.575,1,4,32,64,128,256,23.48,0,0
1379,0x060054DC,props,0.0723,0.367,5.078,8,4,64,128,256,512,10.41,0,0
1380,0x06005E10,props,0.0716,0.822,11.476,1,4,64,128,256,512,60.39,0,0
1381,0x06005A6A,props,0.0707,1.646,23.29,0,4,128,256,512,1024,13.98,0,0
1382,0x06003F6E,creatures,0.0705,0.609,8.642,4,4,128,128,512,512,4.43,0,0
1383,0x06003F65,creatures,0.0704,1.82,25.835,5,4,32,32,128,128,-4.88,0,0
1384,0x0600483F,props,0.0704,0.527,7.482,12,4,32,32,128,128,43.97,0,0
1385,0x06007000,creatures,0.0702,0.194,2.759,0,4,256,256,1024,1024,2.41,0,0
1386,0x06003849,scenery,0.0698,0.236,3.386,13,4,128,128,512,512,14.47,0,0
1387,0x0600424F,dungeons,0.0698,1.589,22.771,8,4,64,64,256,256,1.18,0,0
1388,0x060062C5,scenery,0.0693,0.124,1.792,15,4,128,128,512,512,3.21,0,0
1389,0x06003E75,scenery,0.0687,1.47,21.394,5,4,32,64,128,256,-6.86,0,0
1390,0x06003873,scenery,0.0682,1.062,15.56,8,4,128,256,512,1024,1.26,0,0
1391,0x060037EE,scenery,0.0682,0.674,9.894,4,4,128,256,512,1024,4.44,0,0
1392,0x06003854,scenery,0.068,0.941,13.832,12,4,128,256,512,1024,5.67,0,0
1393,0x06004902,props,0.0674,1.711,25.382,4,4,128,128,512,512,0.22,0,0
1394,0x06004737,props,0.0671,0.269,4.002,4,4,128,128,512,512,14.21,0,0
1395,0x060048DA,creatures,0.067,0.64,9.547,12,4,32,64,128,256,-19.55,0,0
1396,0x060065F8,scenery,0.0669,1.275,19.05,8,4,128,128,512,512,12.17,0,0
1397,0x06003855,scenery,0.0668,1.279,19.144,0,4,256,256,1024,1024,0.13,0,0
1398,0x06006CEA,props,0.0668,1.308,19.577,13,4,256,512,1024,2048,12.08,0,0
1399,0x06003D39,scenery,0.0666,0.025,0.382,0,4,256,256,1024,1024,-0.09,0,0
1400,0x06003B65,creatures,0.0661,1.85,27.992,13,4,64,128,256,512,13.88,0,0
1401,0x06006CD2,props,0.0659,1.295,19.659,13,4,256,512,1024,2048,9.06,0,0
1402,0x0600564A,doors,0.0658,1.496,22.745,13,4,128,128,512,512,2.68,0,0
1403,0x060064F1,creatures,0.0653,1.21,18.514,12,4,128,256,512,1024,3.48,0,0
1404,0x06006CE4,props,0.0653,1.264,19.357,1,4,256,512,1024,2048,10.45,0,0
1405,0x06006CE2,props,0.0646,0.865,13.386,1,4,256,512,1024,2048,12.91,0,0
1406,0x060046E6,props,0.0644,0.217,3.374,13,4,128,128,512,512,9.46,0,0
1407,0x06003A20,props,0.0643,0.628,9.76,8,4,32,32,128,128,-21.73,0,0
1408,0x0600552A,creatures,0.0643,0.238,3.706,4,4,256,256,1024,1024,8.47,0,0
1409,0x06006CCE,props,0.0641,1.396,21.767,13,4,256,512,1024,2048,9.03,0,0
1410,0x0600683B,creatures,0.0637,0.076,1.191,4,4,256,256,1024,1024,3.21,0,0
1411,0x06005F22,scenery,0.0636,0.246,3.859,0,4,256,128,1024,512,82.07,0,0
1412,0x06003A61,doors,0.0636,0.59,9.274,13,4,128,128,512,512,4.91,0,0
1413,0x0600641A,scenery,0.0631,0.245,3.886,12,4,64,256,256,1024,9.24,0,0
1414,0x06003F3C,scenery,0.0629,0.092,1.468,1,4,32,64,128,256,29.81,0,0
1415,0x060050A3,props,0.0616,0.956,15.508,1,4,32,64,128,256,4.63,0,0
1416,0x0600660A,creatures,0.0615,0.133,2.165,4,4,64,64,256,256,3.74,0,0
1417,0x06004395,props,0.0613,0.456,7.442,8,4,64,128,256,512,-2.42,0,0
1418,0x06007377,scenery,0.0607,0.2,3.298,0,4,256,256,1024,1024,2.42,0,0
1419,0x06006E01,scenery,0.06,0.924,15.413,5,4,128,256,512,1024,2.31,0,0
1420,0x06005D10,creatures,0.0598,0.278,4.659,1,4,64,64,256,256,14.17,0,0
1421,0x06006E02,scenery,0.0594,1.01,17.015,5,4,128,256,512,1024,1.65,0,0
1422,0x06006A54,doors,0.0585,0.153,2.622,15,4,32,512,128,2048,65.12,0,0
1423,0x06007501,creatures,0.0563,0.145,2.572,4,4,512,512,2048,2048,2.9,0,0
1424,0x06005E05,scenery,0.0561,0.147,2.624,13,4,128,128,512,512,5.57,0,0
1425,0x06006CD1,props,0.0554,0.948,17.101,1,4,256,512,1024,2048,10.32,0,0
1426,0x06004168,dungeons,0.0545,0.063,1.161,5,4,256,256,1024,1024,7.74,0,0
1427,0x06003DB2,dungeons,0.0543,0.275,5.066,12,4,128,128,512,512,2.81,0,0
1428,0x06006D50,dungeons,0.0543,0.354,6.515,13,4,512,512,2048,2048,6.87,0,0
1429,0x06006841,creatures,0.0541,0.112,2.061,4,4,256,256,1024,1024,3.28,0,0
1430,0x06003AE5,props,0.054,2.111,39.107,8,4,32,32,128,128,1.22,0,0
1431,0x06004696,scenery,0.0538,1.478,27.481,4,4,32,32,128,128,4.53,0,0
1432,0x06005290,props,0.0533,1.279,23.989,5,4,128,128,512,512,0.15,0,0
1433,0x06007002,creatures,0.0531,0.588,11.077,13,4,256,128,1024,512,9.36,0,0
1434,0x06003D34,scenery,0.0529,0.129,2.448,1,4,64,64,256,256,8.25,0,0
1435,0x06004597,creatures,0.052,0.788,15.137,8,4,64,128,256,512,3.17,0,0
1436,0x06003DC3,props,0.052,1.025,19.724,13,4,128,64,512,256,7.87,0,0
1437,0x06006C64,props,0.0516,0.26,5.048,13,4,256,128,1024,512,16.91,0,0
1438,0x0600660D,creatures,0.0515,0.082,1.599,1,4,256,256,1024,1024,2.59,0,0
1439,0x0600380E,scenery,0.0513,0.154,3.006,0,4,128,128,512,512,3.89,0,0
1440,0x06006D4B,dungeons,0.0511,0.177,3.459,1,4,512,512,2048,2048,7.07,0,0
1441,0x06003946,scenery,0.0509,1.849,36.329,5,4,16,64,64,256,,0,0
1442,0x06006665,creatures,0.0508,0.347,6.832,4,4,256,256,1024,1024,4.04,0,0
1443,0x06005529,creatures,0.0507,0.133,2.63,13,4,128,128,512,512,39.4,0,0
1444,0x060048D4,props,0.0507,0.754,14.883,9,4,32,32,128,128,43.38,0,0
1445,0x06006A04,dungeons,0.0499,0.248,4.972,13,4,512,512,2048,2048,6.8,0,0
1446,0x06005750,props,0.0499,0.21,4.202,12,4,256,256,1024,1024,4.1,0,0
1447,0x06006813,scenery,0.0498,0.135,2.718,4,4,128,128,512,512,-6.36,0,0
1448,0x06003F98,props,0.0496,1.08,21.784,8,4,128,128,512,512,-9.79,0,0
1449,0x06003EB4,props,0.0491,0.634,12.922,4,4,32,32,128,128,7.84,0,0
1450,0x06006605,creatures,0.0488,0.078,1.595,9,4,256,256,1024,1024,27.52,0,0
1451,0x06006FFD,props,0.0484,0.095,1.969,0,4,256,256,1024,1024,-1.11,0,0
1452,0x06003D33,scenery,0.0482,0.091,1.89,1,4,128,128,512,512,7.26,0,0
1453,0x060042D3,creatures,0.0482,0.332,6.896,8,4,64,64,256,256,32.33,0,0
1454,0x06006D68,props,0.0481,1.063,22.109,1,4,256,512,1024,2048,12.09,0,0
1455,0x06006611,creatures,0.0471,0.134,2.857,9,4,256,256,1024,1024,21.83,0,0
1456,0x060048D2,props,0.0469,0.715,15.228,9,4,32,32,128,128,48.78,0,0
1457,0x06005520,creatures,0.0466,0.915,19.631,12,4,128,128,512,512,1.37,0,0
1458,0x06005E8E,props,0.0463,0.075,1.627,15,4,32,32,128,128,136.89,0,0
1459,0x060037B5,scenery,0.0458,1.009,22.006,8,4,64,64,256,256,-9.66,0,0
1460,0x0600416E,dungeons,0.0456,0.057,1.251,1,4,256,256,1024,1024,3.2,0,0
1461,0x0600683D,creatures,0.0456,0.057,1.251,1,4,256,256,1024,1024,3.2,0,0
1462,0x06005637,doors,0.0454,1.541,33.959,8,4,128,128,512,512,-0.38,0,0
1463,0x060045B0,props,0.0447,1.079,24.147,13,4,32,32,128,128,3.54,0,0
1464,0x060037D1,scenery,0.0444,0.211,4.744,12,4,32,64,128,256,-12.49,0,0
1465,0x0600424D,scenery,0.0443,0.68,15.364,5,4,128,128,512,512,16.3,0,0
1466,0x06006789,scenery,0.044,0.656,14.929,12,4,32,128,128,512,17.2,0,0
1467,0x060037F5,doors,0.0439,0.035,0.802,0,4,256,256,1024,1024,4.74,0,0
1468,0x060050E1,doors,0.0434,0.134,3.081,8,4,64,128,256,512,-4.96,0,0
1469,0x06003FA9,creatures,0.0434,0.308,7.112,9,4,256,256,1024,1024,-2.5,0,0
1470,0x0600660C,creatures,0.0431,0.032,0.749,8,4,128,256,512,1024,-2.53,0,0
1471,0x06003BE1,props,0.0426,0.727,17.066,4,4,32,32,128,128,75.07,0,0
1472,0x06006CC7,props,0.042,0.735,17.526,13,4,256,512,1024,2048,9.68,0,0
1473,0x06003C5A,props,0.0412,0.756,18.34,5,4,128,128,512,512,-4.21,0,0
1474,0x0600384D,scenery,0.0406,0.129,3.186,9,4,128,128,512,512,13.96,0,0
1475,0x06005528,creatures,0.0406,0.178,4.388,12,4,64,64,256,256,2.49,0,0
1476,0x0600386C,scenery,0.0402,1.32,32.878,9,4,64,64,256,256,11.94,0,0
1477,0x06004516,scenery,0.0401,1.15,28.667,4,4,128,64,512,256,-6.42,0,0
1478,0x06006CE7,props,0.0396,0.687,17.345,13,4,256,512,1024,2048,11.0,0,0
1479,0x0600683F,creatures,0.0377,0.066,1.739,5,4,256,256,1024,1024,3.73,0,0
1480,0x06003FA8,creatures,0.0375,0.316,8.427,9,4,256,256,1024,1024,-2.5,0,0
1481,0x060037B6,scenery,0.0372,0.152,4.077,4,4,256,256,1024,1024,-2.45,0,0
1482,0x0600728E,dungeons,0.0367,0.551,15.03,13,4,256,256,1024,1024,14.52,0,0
1483,0x060037BE,scenery,0.0364,0.44,12.07,4,4,256,256,1024,1024,8.08,0,0
1484,0x0600551F,creatures,0.0364,0.617,16.956,9,4,128,128,512,512,-1.04,0,0
1485,0x060037CE,scenery,0.0363,0.157,4.331,13,4,128,128,512,512,5.95,0,0
1486,0x06006BA7,doors,0.0357,0.25,7.0,3,4,32,512,128,2048,68.52,0,0
1487,0x0600552C,props,0.0351,0.88,25.083,4,4,128,64,512,256,3.3,0,0
1488,0x0600470A,creatures,0.0347,0.192,5.54,13,4,128,128,512,512,7.09,0,0
1489,0x06007003,creatures,0.0346,0.414,11.952,13,4,128,128,512,512,7.19,0,0
1490,0x060066EC,creatures,0.0341,0.008,0.242,12,4,512,512,2048,2048,-9.56,0,0
1491,0x0600384E,scenery,0.0341,0.143,4.204,5,4,128,128,512,512,0.43,0,0
1492,0x06003850,scenery,0.0337,0.151,4.467,1,4,128,128,512,512,2.17,0,0
1493,0x06004048,scenery,0.0333,0.039,1.185,12,4,64,64,256,256,10.04,0,0
1494,0x060041D5,dungeons,0.0329,0.3,9.1,13,4,128,128,512,512,15.32,0,0
1495,0x060064F4,creatures,0.0329,0.38,11.535,1,4,256,256,1024,1024,3.58,0,0
1496,0x06006613,creatures,0.0329,0.13,3.944,1,4,256,256,1024,1024,22.62,0,0
1497,0x060050B6,props,0.0322,0.524,16.262,9,4,64,128,256,512,3.97,0,0
1498,0x060037B2,scenery,0.0311,0.207,6.636,9,4,128,128,512,512,-3.09,0,0
1499,0x060064F3,creatures,0.031,0.84,27.049,12,4,128,128,512,512,3.03,0,0
1500,0x060048DC,creatures,0.03,0.605,20.13,4,4,64,64,256,256,23.06,0,0
1501,0x06006608,creatures,0.0277,0.126,4.548,13,4,256,256,1024,1024,11.37,0,0
1502,0x06003C66,scenery,0.0273,0.618,22.643,9,4,32,64,128,256,0.61,0,0
1503,0x06003814,scenery,0.0267,0.38,14.233,4,4,32,64,128,256,-14.18,0,0
1504,0x06006CEE,props,0.0258,0.508,19.692,13,4,256,512,1024,2048,11.06,0,0
1505,0x06005D0F,creatures,0.0256,0.107,4.172,5,4,64,64,256,256,14.29,0,0
1506,0x06003AAE,props,0.0251,0.26,10.381,11,4,32,32,128,128,-19.87,0,0
1507,0x0600660F,creatures,0.025,0.079,3.175,1,4,256,256,1024,1024,0.84,0,0
1508,0x0600385D,scenery,0.024,0.087,3.611,1,4,256,256,1024,1024,9.76,0,0
1509,0x06003A66,props,0.0231,0.217,9.374,4,4,32,32,128,128,0.4,0,0
1510,0x060069D5,creatures,0.0231,0.558,24.221,1,4,256,256,1024,1024,5.94,0,0
1511,0x060062C7,scenery,0.0225,0.057,2.516,1,4,128,128,512,512,0.37,0,0
1512,0x060040CC,scenery,0.0206,0.248,12.061,13,4,128,128,512,512,19.69,0,0
1513,0x06006607,creatures,0.0202,0.071,3.515,9,4,256,256,1024,1024,4.48,0,0
1514,0x060043FA,dungeons,0.0201,0.017,0.831,1,4,256,256,1024,1024,55.97,0,0
1515,0x06004514,props,0.0199,0.242,12.156,8,4,64,128,256,512,-9.29,0,0
1516,0x060047EB,scenery,0.0197,0.092,4.688,13,4,256,256,1024,1024,7.27,0,0
1517,0x06006980,scenery,0.0195,0.064,3.288,5,4,128,128,512,512,-1.84,0,0
1518,0x06006FFF,creatures,0.0182,0.221,12.087,13,4,128,128,512,512,8.12,0,0
1519,0x0600386E,props,0.0177,0.559,31.596,9,4,64,64,256,256,-1.58,0,0
1520,0x06003B3A,props,0.0165,0.409,24.755,8,4,128,128,512,512,-4.3,0,0
1521,0x0600432C,scenery,0.0156,0.077,4.903,9,4,32,64,128,256,-17.53,0,0
1522,0x06003C77,props,0.0152,0.134,8.835,9,4,64,64,256,256,46.48,0,0
1523,0x06003DE7,props,0.014,0.316,22.481,8,4,128,128,512,512,-4.28,0,0
1524,0x06006606,creatures,0.0119,0.015,1.284,1,4,256,256,1024,1024,-3.63,0,0
1525,0x06003B3C,props,0.0113,0.274,24.289,9,4,128,128,512,512,-3.78,0,0
1526,0x060037BF,scenery,0.0101,0.243,23.927,5,4,128,64,512,256,-3.15,0,0
1527,0x0600660B,creatures,0.0101,0.074,7.361,5,4,256,256,1024,1024,15.79,0,0
1528,0x060043E4,props,0.0099,0.217,21.875,8,4,64,16,256,64,,0,0
1529,0x06003F79,scenery,0.0088,0.033,3.765,9,4,64,64,256,256,0.84,0,0
1530,0x06003872,scenery,0.0086,0.048,5.641,9,4,128,256,512,1024,1.16,0,0
1531,0x06003EEC,scenery,0.0085,0.112,13.219,8,4,64,64,256,256,-9.73,0,0
1532,0x06003874,scenery,0.0081,0.103,12.636,5,4,256,256,1024,1024,-2.76,0,0
1533,0x060062C6,scenery,0.0062,0.003,0.54,15,4,128,128,512,512,-7.33,0,0
1534,0x06003F4F,props,0.0061,0.08,13.067,12,4,32,32,128,128,-17.66,0,0
1535,0x06004735,props,0.0057,0.059,10.275,8,4,128,128,512,512,-6.54,0,0
1536,0x06003C64,creatures,0.0056,0.121,21.767,12,4,64,32,256,128,-2.99,0,0
1537,0x06003E98,scenery,0.0044,0.003,0.714,9,4,256,256,1024,1024,-1.84,0,0
1538,0x06006610,creatures,0.0038,0.021,5.583,9,4,256,256,1024,1024,30.29,0,0
1539,0x06004720,scenery,0.0031,0.027,8.708,12,4,64,64,256,256,-0.88,0,0
1540,0x060042FB,props,0.0019,0.019,9.652,1,4,128,64,512,256,18.36,0,0
1541,0x0600660E,creatures,0.0017,0.01,5.647,9,4,256,256,1024,1024,29.11,0,0
1542,0x060037CF,scenery,0.0012,0.002,2.014,1,4,64,64,256,256,-0.12,0,0
1543,0x06006812,creatures,0.001,0.001,0.756,1,4,64,64,256,256,-0.07,0,0
1544,0x060065A7,scenery,0.0007,0.0,0.493,1,4,256,256,1024,1024,-1.39,0,0
1545,0x06004FF5,props,0.0005,0.003,5.899,12,4,32,32,128,128,0.16,0,0
1546,0x06003C94,creatures,0.0,0.0,0.332,14,4,256,256,1024,1024,14.72,0,0
1547,0x060062C8,scenery,-0.0009,-0.0,0.387,15,4,128,128,512,512,-1.16,0,0
1548,0x0600531E,props,-0.001,-0.02,20.205,12,4,32,16,128,64,,0,0
1549,0x060046E7,props,-0.0012,-0.004,3.422,8,4,128,128,512,512,8.19,0,0
1550,0x06006612,creatures,-0.0019,-0.005,2.645,5,4,256,256,1024,1024,15.78,0,0
1551,0x0600384F,scenery,-0.002,-0.006,3.206,9,4,128,128,512,512,10.47,0,0
1552,0x06004739,props,-0.0023,-0.025,10.842,8,4,128,128,512,512,-6.24,0,0
1553,0x060065B4,props,-0.0033,-0.002,0.617,1,4,128,128,512,512,7.45,0,0
1554,0x06003871,scenery,-0.0045,-0.021,4.611,8,4,256,256,1024,1024,4.09,0,0
1555,0x06003EC2,scenery,-0.0066,-0.141,21.529,9,4,32,32,128,128,51.18,0,0
1556,0x06003848,scenery,-0.0073,-0.245,33.524,11,4,64,128,256,512,-0.57,0,0
1557,0x060066E4,scenery,-0.0073,-0.086,11.698,4,4,32,64,128,256,-15.46,0,0
1558,0x06003844,scenery,-0.0074,-0.254,34.493,7,4,64,128,256,512,0.67,0,0
1559,0x060070F5,creatures,-0.0083,-0.014,1.631,12,4,128,128,512,512,0.73,0,0
1560,0x06004773,creatures,-0.0091,-0.081,8.934,10,4,128,64,512,256,2.41,0,0
1561,0x06004630,props,-0.0091,-0.021,2.341,9,4,128,128,512,512,-0.65,0,0
1562,0x06003863,scenery,-0.0094,-0.069,7.327,12,4,64,64,256,256,-10.67,0,0
1563,0x06003B52,props,-0.0112,-0.169,15.052,12,4,128,64,512,256,6.66,0,0
1564,0x06003C73,props,-0.0119,-0.084,7.091,9,4,64,64,256,256,59.94,0,0
1565,0x06004904,props,-0.0125,-0.422,33.767,9,4,32,32,128,128,0.44,0,0
1566,0x0600697F,scenery,-0.0134,-0.005,0.39,15,4,128,128,512,512,-1.16,0,0
1567,0x06004299,dungeons,-0.0138,-0.63,45.562,9,4,64,64,256,256,0.23,0,0
1568,0x06006609,creatures,-0.016,-0.049,3.048,5,4,256,256,1024,1024,3.23,0,0
1569,0x0600459C,scenery,-0.0169,-0.291,17.224,15,4,64,64,256,256,14.61,0,0
1570,0x06003ADC,scenery,-0.0174,-0.019,1.081,10,4,64,64,256,256,5.32,0,0
1571,0x060037AD,scenery,-0.0182,-0.095,5.222,4,4,32,64,128,256,-3.81,0,0
1572,0x06006666,creatures,-0.0189,-0.091,4.778,12,4,128,128,512,512,0.63,0,0
1573,0x06003C6C,creatures,-0.019,-0.123,6.475,11,4,128,128,512,512,-10.79,0,0
1574,0x06006601,creatures,-0.0217,-0.016,0.749,1,4,256,256,1024,1024,6.32,0,0
1575,0x0600387A,scenery,-0.0233,-0.25,10.694,13,4,128,256,512,1024,5.44,0,0
1576,0x0600387C,scenery,-0.0236,-0.094,3.975,13,4,256,256,1024,1024,1.57,0,0
1577,0x060043A0,props,-0.0237,-0.138,5.809,8,4,32,32,128,128,-9.51,0,0
1578,0x06004719,creatures,-0.0243,-0.44,18.108,7,4,128,128,512,512,-6.34,0,0
1579,0x06004800,scenery,-0.0252,-0.144,5.708,13,4,128,256,512,1024,-5.38,0,0
1580,0x06003D40,props,-0.0267,-0.282,10.562,13,4,32,32,128,128,3.3,0,0
1581,0x0600509F,props,-0.0267,-0.372,13.915,8,4,32,64,128,256,2.23,0,0
1582,0x06006604,creatures,-0.027,-0.058,2.154,14,4,128,256,512,1024,25.21,0,0
1583,0x060069E2,props,-0.0286,-0.168,5.883,13,4,256,256,1024,1024,17.52,0,0
1584,0x06005639,doors,-0.034,-0.657,19.292,5,4,128,128,512,512,-4.14,0,0
1585,0x06005507,props,-0.0382,-0.562,14.704,13,4,32,32,128,128,30.89,0,0
1586,0x0600385A,scenery,-0.0384,-0.208,5.435,15,4,128,128,512,512,21.65,0,0
1587,0x06005D11,creatures,-0.0399,-0.209,5.239,3,4,64,64,256,256,9.74,0,0
1588,0x060038EA,props,-0.0432,-0.024,0.556,15,4,64,64,256,256,0.38,0,0
1589,0x06003E7A,scenery,-0.0445,-0.072,1.614,8,4,128,128,512,512,33.06,0,0
1590,0x06003812,scenery,-0.0456,-0.482,10.576,12,4,64,64,256,256,-7.07,0,0
1591,0x060046E9,props,-0.0483,-0.421,8.723,6,4,128,64,512,256,10.14,0,0
1592,0x06003B61,props,-0.0499,-0.411,8.242,6,4,128,32,512,128,11.48,0,0
1593,0x06003E72,scenery,-0.0528,-0.621,11.76,9,4,64,64,256,256,33.34,0,0
1594,0x06004771,creatures,-0.0573,-0.726,12.681,10,4,32,32,128,128,-36.94,0,0
1595,0x06006441,props,-0.058,-0.186,3.214,2,4,32,16,128,64,,0,0
1596,0x06006443,props,-0.058,-0.186,3.214,2,4,32,16,128,64,,0,0
1597,0x06006981,scenery,-0.0587,-0.048,0.816,1,4,128,128,512,512,-10.98,0,0
1598,0x06006FEE,props,-0.0589,-0.339,5.764,2,4,256,256,1024,1024,13.66,0,0
1599,0x06003D05,props,-0.0592,-0.857,14.474,13,4,32,32,128,128,30.02,0,0
1600,0x06006663,creatures,-0.0632,-0.288,4.549,8,4,64,64,256,256,4.66,0,0
1601,0x0600392D,scenery,-0.0684,-0.48,7.022,12,4,32,32,128,128,9.73,0,0
1602,0x06003E90,creatures,-0.07,-0.152,2.172,4,4,64,64,256,256,14.94,0,0
1603,0x06006FFE,props,-0.0718,-0.18,2.511,3,4,256,64,1024,256,-1.57,0,0
1604,0x06003FD5,props,-0.0778,-0.42,5.396,8,4,32,32,128,128,15.25,0,0
1605,0x06005077,props,-0.0791,-1.243,15.713,3,4,32,64,128,256,-2.75,0,0
1606,0x06003EC5,scenery,-0.0822,-0.839,10.202,15,4,64,64,256,256,24.85,0,0
1607,0x06006288,creatures,-0.0904,-1.023,11.317,9,4,128,128,512,512,2.25,0,0
1608,0x06003E19,scenery,-0.0907,-1.361,15.002,8,4,32,32,128,128,6.96,0,0
1609,0x06006603,creatures,-0.0926,-0.192,2.071,14,4,256,256,1024,1024,18.92,0,0
1610,0x06005CF5,props,-0.1016,-0.279,2.749,9,4,64,64,256,256,-3.86,0,0
1611,0x0600516C,props,-0.1049,-1.717,16.361,6,4,32,64,128,256,5.51,0,0
1612,0x06003E70,scenery,-0.1064,-0.673,6.322,4,4,32,64,128,256,0.84,0,0
1613,0x06004185,scenery,-0.119,-1.066,8.958,5,4,16,64,64,256,,0,0
1614,0x06004623,props,-0.1207,-3.992,33.062,2,4,64,32,256,128,0.43,0,0
1615,0x06004778,scenery,-0.1301,-0.051,0.39,9,4,32,32,128,128,32.33,0,0
1616,0x060037F8,scenery,-0.1323,-0.182,1.375,1,4,64,64,256,256,86.26,0,0
1617,0x06003CFF,creatures,-0.1327,-3.099,23.351,7,4,64,128,256,512,-1.36,0,0
1618,0x06003929,creatures,-0.1336,-1.447,10.828,9,4,32,64,128,256,-52.04,0,0
1619,0x0600412D,scenery,-0.1365,-0.366,2.684,4,4,64,64,256,256,42.58,0,0
1620,0x06004181,scenery,-0.1423,-1.093,7.683,13,4,16,64,64,256,,0,0
1621,0x060037D0,scenery,-0.1435,-0.947,6.6,3,4,32,32,128,128,-5.03,0,0
1622,0x060037D9,scenery,-0.1814,-1.099,6.06,3,4,32,32,128,128,41.42,0,0
1623,0x06007001,creatures,-0.183,-0.664,3.627,3,4,256,64,1024,256,0.15,0,0
1624,0x06005570,props,-0.2084,-2.499,11.991,9,4,32,16,128,64,,0,0
1625,0x06003E09,props,-0.2219,-0.652,2.938,4,4,32,32,128,128,-2.61,0,0
1626,0x06003F46,props,-0.2295,-0.756,3.296,13,4,16,16,64,64,,0,0
1627,0x06004841,props,-0.2317,-1.918,8.275,8,4,16,16,64,64,,0,0
1628,0x06005D8F,props,-0.2363,-0.311,1.315,2,4,32,32,128,128,16.61,0,0
1629,0x06004900,props,-0.2534,-1.677,6.62,11,4,32,32,128,128,8.68,0,0
1630,0x06004182,scenery,-0.2571,-2.313,8.996,2,4,16,64,64,256,,0,0
